population,scenario,site,planting_date
p_1,1,1,
p_2,1,1,
p_3,1,1,
p_4,1,1,
p_5,1,1,
p_6,1,1,
p_7,1,1,
p_8,1,1,
p_9,1,1,
p_10,1,1,
p_11,1,1,
p_12,1,1,
p_13,1,1,
p_14,1,1,
p_15,1,1,
p_16,1,1,
p_17,1,1,
p_18,1,1,
p_19,1,1,
p_20,1,1,
p_21,1,1,
p_22,1,1,
p_23,1,1,
p_24,1,1,
p_25,1,1,
p_26,1,1,
p_27,1,1,
p_28,1,1,
p_29,1,1,
p_30,1,1,
p_31,1,1,
p_32,1,1,
p_33,1,1,
p_34,1,1,
p_35,1,1,
p_36,1,1,
p_37,1,1,
p_38,1,1,
p_39,1,1,
p_40,1,1,
p_41,1,1,
p_42,1,1,
p_43,1,1,
p_44,1,1,
p_45,1,1,
p_46,1,1,
p_47,1,1,
p_48,1,1,
p_49,1,1,
p_50,1,1,
p_51,1,1,
p_52,1,1,
p_53,1,1,
p_54,1,1,
p_55,1,1,
p_56,1,0,
p_57,1,0,
p_58,1,0,
p_59,1,0,
p_60,1,0,
p_61,1,0,
p_62,1,0,
p_63,1,0,
p_64,1,0,
p_65,1,0,
p_66,1,0,
p_67,1,0,
p_68,1,0,
p_69,1,0,
p_70,1,0,
p_71,1,0,
p_72,1,1,
p_73,1,1,
p_74,1,1,
p_75,1,1,
p_76,1,1,
p_77,1,1,
p_78,1,1,
p_79,1,1,
p_80,1,1,
p_81,1,1,
p_82,1,1,
p_83,1,1,
p_84,1,1,
p_85,1,1,
p_86,1,1,
p_87,1,1,
p_88,1,1,
p_89,1,1,
p_90,1,1,
p_91,1,1,
p_92,1,1,
p_93,1,1,
p_94,1,1,
p_95,1,1,
p_96,1,1,
p_97,1,1,
p_98,1,1,
p_99,1,1,
p_100,1,1,
p_101,1,1,
p_102,1,1,
p_103,1,1,
p_104,1,1,
p_105,1,1,
p_106,1,1,
p_107,1,1,
p_108,1,1,
p_109,1,1,
p_110,1,1,
p_111,1,1,
p_112,1,1,
p_113,1,0,
p_114,1,0,
p_115,1,0,
p_116,1,0,
p_117,1,0,
p_118,1,0,
p_119,1,0,
p_120,1,0,
p_121,1,0,
p_122,1,0,
p_123,1,0,
p_124,1,0,
p_125,1,0,
p_126,1,0,
p_127,1,0,
p_128,1,0,
p_129,1,0,
p_130,1,0,
p_131,1,0,
p_132,1,0,
p_133,1,0,
p_134,1,0,
p_135,1,0,
p_136,1,0,
p_137,1,0,
p_138,1,0,
p_139,1,0,
p_140,1,0,
p_141,1,0,
p_142,1,0,
p_143,1,0,
p_144,1,0,
p_145,1,0,
p_146,1,0,
p_147,1,0,
p_148,1,0,
p_149,1,0,
p_150,1,0,
p_151,1,0,
p_152,1,0,
p_153,1,0,
p_154,1,0,
p_155,1,0,
p_156,1,0,
p_157,1,0,
p_158,1,0,
p_159,1,0,
p_160,1,0,
p_161,1,0,
p_162,1,0,
p_163,1,0,
p_164,1,0,
p_165,1,0,
p_166,1,0,
p_167,1,0,
p_168,1,0,
p_169,1,0,
p_170,1,0,
p_171,1,0,
p_172,1,0,
p_173,1,0,
p_174,1,0,
p_175,1,0,
p_176,1,0,
p_177,1,0,
p_178,1,0,
p_179,1,0,
p_180,1,0,
p_181,1,0,
p_182,1,0,
p_183,1,0,
p_184,1,0,
p_185,1,0,
p_186,1,0,
p_187,1,0,
p_188,1,0,
p_189,1,0,
p_190,1,0,
p_191,1,0,
p_192,1,0,
p_193,1,0,
p_194,1,0,
p_195,1,0,
p_196,1,0,
p_197,1,0,
p_198,1,0,
p_199,1,0,
p_200,1,0,
p_201,1,0,
p_202,1,0,
p_203,1,0,
p_204,1,0,
p_205,1,0,
p_206,1,0,
p_207,1,0,
p_208,1,0,
p_209,1,0,
p_210,1,0,
p_211,1,0,
p_212,1,0,
p_213,1,0,
p_214,1,0,
p_215,1,0,
p_216,1,0,
p_217,1,0,
p_218,1,0,
p_219,1,0,
p_220,1,0,
p_221,1,0,
p_222,1,0,
p_223,1,0,
p_224,1,0,
p_225,1,0,
p_226,1,0,
p_227,1,0,
p_228,1,0,
p_229,1,0,
p_230,1,0,
p_231,1,0,
p_232,1,0,
p_233,1,0,
p_234,1,0,
p_235,1,0,
p_236,1,0,
p_237,1,0,
p_238,1,0,
p_239,1,0,
p_240,1,0,
p_241,1,0,
p_242,1,0,
p_243,1,0,
p_244,1,0,
p_245,1,0,
p_246,1,0,
p_247,1,0,
p_248,1,0,
p_249,1,0,
p_250,1,0,
p_251,1,0,
p_252,1,0,
p_253,1,0,
p_254,1,0,
p_255,1,0,
p_256,1,0,
p_257,1,0,
p_258,1,0,
p_259,1,0,
p_260,1,0,
p_261,1,0,
p_262,1,0,
p_263,1,0,
p_264,1,0,
p_265,1,0,
p_266,1,0,
p_267,1,0,
p_268,1,0,
p_269,1,0,
p_270,1,0,
p_271,1,0,
p_272,1,0,
p_273,1,0,
p_274,1,0,
p_275,1,0,
p_276,1,0,
p_277,1,0,
p_278,1,0,
p_279,1,0,
p_280,1,0,
p_281,1,0,
p_282,1,0,
p_283,1,0,
p_284,1,0,
p_285,1,0,
p_286,1,0,
p_287,1,0,
p_288,1,0,
p_289,1,0,
p_290,1,0,
p_291,1,0,
p_292,1,0,
p_293,1,0,
p_294,1,0,
p_295,1,0,
p_296,1,0,
p_297,1,0,
p_298,1,0,
p_299,1,0,
p_300,1,0,
p_301,1,0,
p_302,1,0,
p_303,1,0,
p_304,1,0,
p_305,1,0,
p_306,1,0,
p_307,1,0,
p_308,1,0,
p_309,1,0,
p_310,1,0,
p_311,1,0,
p_312,1,0,
p_313,1,0,
p_314,1,0,
p_315,1,0,
p_316,1,0,
p_317,1,0,
p_318,1,0,
p_319,1,0,
p_320,1,0,
p_321,1,0,
p_322,1,0,
p_323,1,0,
p_324,1,0,
p_325,1,0,
p_326,1,0,
p_327,1,0,
p_328,1,0,
p_329,1,0,
p_330,1,0,
p_331,1,0,
p_332,1,0,
p_333,1,0,
p_334,1,0,
p_335,1,0,
p_336,1,0,
p_337,1,0,
p_338,1,0,
p_339,1,0,
p_340,1,0,
p_341,1,0,
p_342,1,0,
p_343,1,0,
p_344,1,0,
p_345,1,0,
p_346,1,0,
p_347,1,0,
p_348,1,0,
p_349,1,0,
p_350,1,1,
p_351,1,1,
p_352,1,1,
p_353,1,1,
p_354,1,1,
p_355,1,1,
p_356,1,1,
p_357,1,1,
p_358,1,1,
p_359,1,1,
p_360,1,1,
p_361,1,1,
p_362,1,1,
p_363,1,1,
p_364,1,1,
p_365,1,1,
p_366,1,1,
p_367,1,1,
p_368,1,1,
p_369,1,1,
p_370,1,1,
p_371,1,1,
p_372,1,1,
p_373,1,1,
p_374,1,1,
p_375,1,1,
p_376,1,1,
p_377,1,1,
p_378,1,1,
p_379,1,1,
p_380,1,1,
p_381,1,1,
p_382,1,1,
p_383,1,1,
p_384,1,1,
p_385,1,1,
p_386,1,1,
p_387,1,1,
p_388,1,1,
p_389,1,1,
p_390,1,1,
p_391,1,1,
p_392,1,1,
p_393,1,1,
p_394,1,1,
p_395,1,1,
p_396,1,1,
p_397,1,1,
p_398,1,1,
p_399,1,1,
p_400,1,1,
p_401,1,1,
p_402,1,1,
p_403,1,1,
p_404,1,1,
p_405,1,1,
p_406,1,0,
p_407,1,0,
p_408,1,0,
p_409,1,0,
p_410,1,0,
p_411,1,0,
p_412,1,0,
p_413,1,0,
p_414,1,0,
p_415,1,0,
p_416,1,0,
p_417,1,0,
p_418,1,0,
p_419,1,0,
p_420,1,0,
p_421,1,0,
p_422,1,0,
p_423,1,0,
p_424,1,0,
p_425,1,0,
p_426,1,0,
p_427,1,0,
p_428,1,0,
p_429,1,0,
p_430,1,0,
p_431,1,0,
p_432,1,0,
p_433,1,0,
p_434,1,0,
p_435,1,0,
p_436,1,0,
p_437,1,0,
p_438,1,0,
p_439,1,0,
p_440,1,0,
p_441,1,0,
p_442,1,0,
p_443,1,0,
p_444,1,0,
p_445,1,0,
p_446,1,0,
p_447,1,0,
p_448,1,0,
p_449,1,0,
p_450,1,0,
p_451,1,0,
p_452,1,0,
p_453,1,0,
p_454,1,0,
p_455,1,0,
p_456,1,0,
p_457,1,0,
p_458,1,0,
p_459,1,0,
p_460,1,0,
p_461,1,0,
p_462,1,0,
p_463,1,0,
p_464,1,0,
p_465,1,0,
p_466,1,0,
p_467,1,0,
p_468,1,0,
p_469,1,0,
p_470,1,0,
p_471,1,0,
p_472,1,0,
p_473,1,0,
p_474,1,0,
p_475,1,0,
p_476,1,0,
p_477,1,0,
p_478,1,0,
p_479,1,0,
p_480,1,0,
p_481,1,0,
p_482,1,0,
p_483,1,0,
p_484,1,0,
p_485,1,0,
p_486,1,0,
p_487,1,0,
p_488,1,0,
p_489,1,0,
p_490,1,0,
p_491,1,0,
p_492,1,0,
p_493,1,0,
p_494,1,0,
p_495,1,0,
p_496,1,0,
p_497,1,0,
p_498,1,0,
p_499,1,0,
p_500,1,0,
p_501,1,0,
p_502,1,0,
p_503,1,0,
p_504,1,0,
p_505,1,0,
p_506,1,0,
p_507,1,0,
p_508,1,0,
p_509,1,0,
p_510,1,0,
p_511,1,0,
p_512,1,0,
p_513,1,0,
p_514,1,0,
p_515,1,1,
p_516,1,1,
p_517,1,1,
p_518,1,1,
p_519,1,1,
p_520,1,1,
p_521,1,1,
p_522,1,1,
p_523,1,1,
p_524,1,1,
p_525,1,1,
p_526,1,1,
p_527,1,1,
p_528,1,1,
p_529,1,1,
p_530,1,1,
p_531,1,1,
p_532,1,1,
p_533,1,1,
p_534,1,1,
p_535,1,1,
p_536,1,1,
p_537,1,1,
p_538,1,1,
p_539,1,1,
p_540,1,1,
p_541,1,1,
p_542,1,1,
p_543,1,1,
p_544,1,1,
p_545,1,1,
p_546,1,1,
p_547,1,1,
p_548,1,1,
p_549,1,1,
p_550,1,1,
p_551,1,1,
p_552,1,1,
p_553,1,1,
p_554,1,1,
p_555,1,1,
p_556,1,1,
p_557,1,1,
p_558,1,1,
p_559,1,1,
p_560,1,1,
p_561,1,1,
p_562,1,1,
p_563,1,1,
p_564,1,1,
p_565,1,1,
p_566,1,1,
p_567,1,1,
p_568,1,1,
p_569,1,1,
p_570,1,1,
p_571,1,1,
p_572,1,1,
p_573,1,1,
p_574,1,1,
p_575,1,1,
p_576,1,1,
p_577,1,1,
p_578,1,1,
p_579,1,1,
p_580,1,1,
p_581,1,1,
p_582,1,1,
p_583,1,1,
p_584,1,1,
p_585,1,1,
p_586,1,1,
p_587,1,1,
p_588,1,1,
p_589,1,1,
p_590,1,1,
p_591,1,1,
p_592,1,1,
p_593,1,1,
p_594,1,1,
p_595,1,1,
p_596,1,1,
p_597,1,1,
p_598,1,1,
p_599,1,1,
p_600,1,1,
p_601,1,1,
p_602,1,1,
p_603,1,1,
p_604,1,1,
p_605,1,1,
p_606,1,1,
p_607,1,1,
p_608,1,1,
p_609,1,0,
p_610,1,0,
p_611,1,0,
p_612,1,0,
p_613,1,0,
p_614,1,0,
p_615,1,0,
p_616,1,0,
p_617,1,0,
p_618,1,0,
p_619,1,0,
p_620,1,0,
p_621,1,0,
p_622,1,0,
p_623,1,0,
p_624,1,0,
p_625,1,0,
p_626,1,0,
p_627,1,0,
p_628,1,0,
p_629,1,0,
p_630,1,0,
p_631,1,0,
p_632,1,0,
p_633,1,0,
p_634,1,0,
p_635,1,0,
p_636,1,0,
p_637,1,0,
p_638,1,0,
p_639,1,0,
p_640,1,0,
p_641,1,0,
p_642,1,0,
p_643,1,0,
p_644,1,0,
p_645,1,0,
p_646,1,0,
p_647,1,0,
p_648,1,0,
p_649,1,0,
p_650,1,0,
p_651,1,0,
p_652,1,0,
p_653,1,0,
p_654,1,0,
p_655,1,0,
p_656,1,0,
p_657,1,0,
p_658,1,0,
p_659,1,0,
p_660,1,0,
p_661,1,0,
p_662,1,0,
p_663,1,0,
p_664,1,0,
p_665,1,0,
p_666,1,1,
p_667,1,1,
p_668,1,1,
p_669,1,1,
p_670,1,1,
p_671,1,1,
p_672,1,1,
p_673,1,1,
p_674,1,1,
p_675,1,1,
p_676,1,1,
p_677,1,1,
p_678,1,1,
p_679,1,1,
p_680,1,1,
p_681,1,1,
p_682,1,1,
p_683,1,1,
p_684,1,1,
p_685,1,1,
p_686,1,1,
p_687,1,1,
p_688,1,1,
p_689,1,1,
p_690,1,1,
p_691,1,1,
p_692,1,1,
p_693,1,1,
p_694,1,1,
p_695,1,1,
p_696,1,1,
p_697,1,1,
p_698,1,1,
p_699,1,1,
p_700,1,1,
p_701,1,1,
p_702,1,1,
p_703,1,1,
p_704,1,1,
p_705,1,1,
p_706,1,1,
p_707,1,1,
p_708,1,1,
p_709,1,0,
p_710,1,0,
p_711,1,0,
p_712,1,0,
p_713,1,0,
p_714,1,0,
p_715,1,0,
p_716,1,0,
p_717,1,0,
p_718,1,0,
p_719,1,0,
p_720,1,0,
p_721,1,0,
p_722,1,0,
p_723,1,0,
p_724,1,0,
p_725,1,0,
p_726,1,0,
p_727,1,0,
p_728,1,1,
p_729,1,1,
p_730,1,1,
p_731,1,1,
p_732,1,1,
p_733,1,1,
p_734,1,1,
p_735,1,1,
p_736,1,1,
p_737,1,1,
p_738,1,1,
p_739,1,1,
p_740,1,1,
p_741,1,1,
p_742,1,1,
p_743,1,1,
p_744,1,1,
p_745,1,1,
p_746,1,1,
p_747,1,1,
p_748,1,1,
p_749,1,1,
p_750,1,1,
p_751,1,1,
p_752,1,1,
p_753,1,1,
p_754,1,1,
p_755,1,1,
p_756,1,1,
p_757,1,1,
p_758,1,1,
p_759,1,1,
p_760,1,1,
p_761,1,1,
p_762,1,1,
p_763,1,1,
p_764,1,1,
p_765,1,1,
p_766,1,1,
p_767,1,1,
p_768,1,1,
p_769,1,1,
p_770,1,1,
p_771,1,1,
p_772,1,1,
p_773,1,1,
p_774,1,1,
p_775,1,1,
p_776,1,1,
p_777,1,1,
p_778,1,1,
p_779,1,1,
p_780,1,1,
p_781,1,1,
p_782,1,1,
p_783,1,1,
p_784,1,1,
p_785,1,1,
p_786,1,1,
p_787,1,1,
p_788,1,0,
p_789,1,0,
p_790,1,0,
p_791,1,0,
p_792,1,0,
p_793,1,0,
p_794,1,0,
p_795,1,0,
p_796,1,0,
p_797,1,0,
p_798,1,0,
p_799,1,0,
p_800,1,0,
p_801,1,0,
p_802,1,0,
p_803,1,0,
p_804,1,0,
p_805,1,0,
p_806,1,0,
p_807,1,0,
p_808,1,0,
p_809,1,0,
p_810,1,0,
p_811,1,0,
p_812,1,0,
p_813,1,0,
p_814,1,0,
p_815,1,1,
p_816,1,1,
p_817,1,1,
p_818,1,1,
p_819,1,1,
p_820,1,1,
p_821,1,1,
p_822,1,1,
p_823,1,1,
p_824,1,1,
p_825,1,1,
p_826,1,1,
p_827,1,1,
p_828,1,1,
p_829,1,1,
p_830,1,1,
p_831,1,1,
p_832,1,1,
p_833,1,1,
p_834,1,1,
p_835,1,1,
p_836,1,1,
p_837,1,1,
p_838,1,1,
p_839,1,1,
p_840,1,1,
p_841,1,1,
p_842,1,0,
p_843,1,0,
p_844,1,0,
p_845,1,0,
p_846,1,0,
p_847,1,0,
p_848,1,0,
p_849,1,0,
p_850,1,0,
p_851,1,0,
p_852,1,0,
p_853,1,0,
p_854,1,0,
p_855,1,0,
p_856,1,0,
p_857,1,0,
p_858,1,0,
p_859,1,0,
p_860,1,0,
p_861,1,0,
p_862,1,0,
p_863,1,0,
p_864,1,0,
p_865,1,0,
p_866,1,0,
p_867,1,0,
p_868,1,0,
p_869,1,0,
p_870,1,0,
p_871,1,0,
p_872,1,0,
p_873,1,0,
p_874,1,0,
p_875,1,0,
p_876,1,0,
p_877,1,0,
p_878,1,0,
p_879,1,0,
p_880,1,0,
p_881,1,0,
p_882,1,0,
p_883,1,0,
p_884,1,0,
p_885,1,0,
p_886,1,0,
p_887,1,0,
p_888,1,0,
p_889,1,0,
p_890,1,0,
p_891,1,0,
p_892,1,0,
p_893,1,0,
p_894,1,0,
p_895,1,0,
p_896,1,0,
p_897,1,0,
p_898,1,0,
p_899,1,0,
p_900,1,0,
p_901,1,0,
p_902,1,0,
p_903,1,0,
p_904,1,0,
p_905,1,0,
p_906,1,0,
p_907,1,0,
p_908,1,0,
p_909,1,0,
p_910,1,0,
p_911,1,0,
p_912,1,0,
p_913,1,0,
p_914,1,0,
p_915,1,0,
p_916,1,0,
p_917,1,0,
p_918,1,0,
p_919,1,0,
p_920,1,0,
p_921,1,0,
p_922,1,0,
p_923,1,0,
p_924,1,0,
p_925,1,0,
p_926,1,0,
p_927,1,0,
p_928,1,0,
p_929,1,0,
p_930,1,0,
p_931,1,0,
p_932,1,0,
p_933,1,0,
p_934,1,0,
p_935,1,0,
p_936,1,0,
p_937,1,0,
p_938,1,0,
p_939,1,0,
p_940,1,0,
p_941,1,0,
p_942,1,0,
p_943,1,0,
p_944,1,0,
p_945,1,0,
p_946,1,0,
p_947,1,0,
p_948,1,0,
p_949,1,0,
p_950,1,0,
p_951,1,0,
p_952,1,0,
p_953,1,0,
p_954,1,0,
p_955,1,0,
p_956,1,0,
p_957,1,0,
p_958,1,0,
p_959,1,0,
p_960,1,0,
p_961,1,0,
p_962,1,0,
p_963,1,0,
p_964,1,0,
p_965,1,0,
p_966,1,0,
p_967,1,0,
p_968,1,0,
p_969,1,0,
p_970,1,0,
p_971,1,0,
p_972,1,0,
p_973,1,0,
p_974,1,0,
p_975,1,0,
p_976,1,0,
p_977,1,0,
p_978,1,0,
p_979,1,0,
p_980,1,0,
p_981,1,0,
p_982,1,0,
p_983,1,0,
p_984,1,0,
p_985,1,0,
p_986,1,0,
p_987,1,0,
p_988,1,0,
p_989,1,0,
p_990,1,0,
p_991,1,0,
p_992,1,0,
p_993,1,0,
p_994,1,0,
p_995,1,0,
p_996,1,0,
p_997,1,0,
p_998,1,0,
p_999,1,0,
p_1000,1,0,
p_1001,1,0,
p_1002,1,0,
p_1003,1,0,
p_1004,1,0,
p_1005,1,0,
p_1006,1,0,
p_1007,1,0,
p_1008,1,0,
p_1009,1,0,
p_1010,1,0,
p_1011,1,0,
p_1012,1,0,
p_1013,1,0,
p_1014,1,0,
p_1015,1,0,
p_1016,1,0,
p_1017,1,0,
p_1018,1,0,
p_1019,1,1,
p_1020,1,1,
p_1021,1,1,
p_1022,1,1,
p_1023,1,1,
p_1024,1,1,
p_1025,1,1,
p_1026,1,1,
p_1027,1,1,
p_1028,1,1,
p_1029,1,1,
p_1030,1,1,
p_1031,1,1,
p_1032,1,1,
p_1033,1,1,
p_1034,1,1,
p_1035,1,1,
p_1036,1,1,
p_1037,1,1,
p_1038,1,1,
p_1039,1,1,
p_1040,1,1,
p_1041,1,1,
p_1042,1,1,
p_1043,1,1,
p_1044,1,1,
p_1045,1,1,
p_1046,1,1,
p_1047,1,1,
p_1048,1,1,
p_1049,1,1,
p_1050,1,1,
p_1051,1,1,
p_1052,1,1,
p_1053,1,1,
p_1054,1,1,
p_1055,1,1,
p_1056,1,1,
p_1057,1,1,
p_1058,1,1,
p_1059,1,1,
p_1060,1,1,
p_1061,1,1,
p_1062,1,1,
p_1063,1,1,
p_1064,1,1,
p_1065,1,1,
p_1066,1,1,
p_1067,1,1,
p_1068,1,1,
p_1069,1,1,
p_1070,1,1,
p_1071,1,1,
p_1072,1,1,
p_1073,1,1,
p_1074,1,1,
p_1075,1,1,
p_1076,1,1,
p_1077,1,1,
p_1078,1,1,
p_1079,1,1,
p_1080,1,1,
p_1081,1,1,
p_1082,1,1,
p_1083,1,1,
p_1084,1,1,
p_1085,1,1,
p_1086,1,1,
p_1087,1,1,
p_1088,1,1,
p_1089,1,1,
p_1090,1,1,
p_1091,1,1,
p_1092,1,1,
p_1093,1,1,
p_1094,1,1,
p_1095,1,1,
p_1096,1,1,
p_1097,1,1,
p_1098,1,1,
p_1099,1,1,
p_1100,1,1,
p_1101,1,1,
p_1102,1,1,
p_1103,1,1,
p_1104,1,1,
p_1105,1,1,
p_1106,1,1,
p_1107,1,1,
p_1108,1,1,
p_1109,1,1,
p_1110,1,1,
p_1111,1,1,
p_1112,1,1,
p_1113,1,1,
p_1114,1,1,
p_1115,1,1,
p_1116,1,1,
p_1117,1,1,
p_1118,1,1,
p_1119,1,1,
p_1120,1,1,
p_1121,1,1,
p_1122,1,1,
p_1123,1,1,
p_1124,1,1,
p_1125,1,1,
p_1126,1,1,
p_1127,1,1,
p_1128,1,1,
p_1129,1,1,
p_1130,1,1,
p_1131,1,1,
p_1132,1,1,
p_1133,1,1,
p_1134,1,1,
p_1135,1,1,
p_1136,1,1,
p_1137,1,1,
p_1138,1,1,
p_1139,1,1,
p_1140,1,1,
p_1141,1,1,
p_1142,1,1,
p_1143,1,1,
p_1144,1,1,
p_1145,1,1,
p_1146,1,1,
p_1147,1,1,
p_1148,1,1,
p_1149,1,1,
p_1150,1,1,
p_1151,1,1,
p_1152,1,1,
p_1153,1,0,
p_1154,1,0,
p_1155,1,0,
p_1156,1,0,
p_1157,1,0,
p_1158,1,0,
p_1159,1,0,
p_1160,1,0,
p_1161,1,0,
p_1162,1,0,
p_1163,1,0,
p_1164,1,0,
p_1165,1,0,
p_1166,1,0,
p_1167,1,0,
p_1168,1,0,
p_1169,1,0,
p_1170,1,0,
p_1171,1,0,
p_1172,1,0,
p_1173,1,0,
p_1174,1,0,
p_1175,1,0,
p_1176,1,0,
p_1177,1,0,
p_1178,1,0,
p_1179,1,0,
p_1180,1,0,
p_1181,1,0,
p_1182,1,0,
p_1183,1,0,
p_1184,1,0,
p_1185,1,0,
p_1186,1,0,
p_1187,1,0,
p_1188,1,0,
p_1189,1,0,
p_1190,1,0,
p_1191,1,0,
p_1192,1,0,
p_1193,1,0,
p_1194,1,0,
p_1195,1,0,
p_1196,1,0,
p_1197,1,0,
p_1198,1,0,
p_1199,1,0,
p_1200,1,0,
p_1201,1,0,
p_1202,1,0,
p_1203,1,0,
p_1204,1,0,
p_1205,1,0,
p_1206,1,0,
p_1207,1,0,
p_1208,1,0,
p_1209,1,0,
p_1210,1,0,
p_1211,1,0,
p_1212,1,0,
p_1213,1,0,
p_1214,1,0,
p_1215,1,0,
p_1216,1,0,
p_1217,1,0,
p_1218,1,0,
p_1219,1,0,
p_1220,1,0,
p_1221,1,0,
p_1222,1,0,
p_1223,1,0,
p_1224,1,0,
p_1225,1,0,
p_1226,1,0,
p_1227,1,0,
p_1228,1,0,
p_1229,1,0,
p_1230,1,0,
p_1231,1,0,
p_1232,1,0,
p_1233,1,0,
p_1234,1,0,
p_1235,1,1,
p_1236,1,1,
p_1237,1,1,
p_1238,1,1,
p_1239,1,1,
p_1240,1,1,
p_1241,1,1,
p_1242,1,1,
p_1243,1,1,
p_1244,1,1,
p_1245,1,1,
p_1246,1,1,
p_1247,1,1,
p_1248,1,1,
p_1249,1,1,
p_1250,1,1,
p_1251,1,1,
p_1252,1,1,
p_1253,1,1,
p_1254,1,1,
p_1255,1,1,
p_1256,1,1,
p_1257,1,1,
p_1258,1,1,
p_1259,1,1,
p_1260,1,1,
p_1261,1,1,
p_1262,1,1,
p_1263,1,1,
p_1264,1,1,
p_1265,1,1,
p_1266,1,1,
p_1267,1,1,
p_1268,1,1,
p_1269,1,1,
p_1270,1,1,
p_1271,1,1,
p_1272,1,1,
p_1273,1,1,
p_1274,1,1,
p_1275,1,1,
p_1276,1,1,
p_1277,1,1,
p_1278,1,1,
p_1279,1,1,
p_1280,1,1,
p_1281,1,1,
p_1282,1,1,
p_1283,1,1,
p_1284,1,1,
p_1285,1,1,
p_1286,1,1,
p_1287,1,1,
p_1288,1,1,
p_1289,1,1,
p_1290,1,1,
p_1291,1,1,
p_1292,1,1,
p_1293,1,1,
p_1294,1,1,
p_1295,1,1,
p_1296,1,1,
p_1297,1,1,
p_1298,1,1,
p_1299,1,1,
p_1300,1,1,
p_1301,1,1,
p_1302,1,1,
p_1303,1,1,
p_1304,1,1,
p_1305,1,1,
p_1306,1,1,
p_1307,1,1,
p_1308,1,1,
p_1309,1,1,
p_1310,1,1,
p_1311,1,1,
p_1312,1,1,
p_1313,1,1,
p_1314,1,1,
p_1315,1,1,
p_1316,1,1,
p_1317,1,1,
p_1318,1,1,
p_1319,1,1,
p_1320,1,1,
p_1321,1,1,
p_1322,1,1,
p_1323,1,1,
p_1324,1,1,
p_1325,1,1,
p_1326,1,1,
p_1327,1,1,
p_1328,1,0,
p_1329,1,0,
p_1330,1,0,
p_1331,1,0,
p_1332,1,0,
p_1333,1,0,
p_1334,1,0,
p_1335,1,0,
p_1336,1,0,
p_1337,1,0,
p_1338,1,0,
p_1339,1,0,
p_1340,1,0,
p_1341,1,0,
p_1342,1,0,
p_1343,1,0,
p_1344,1,0,
p_1345,1,0,
p_1346,1,0,
p_1347,1,0,
p_1348,1,0,
p_1349,1,0,
p_1350,1,0,
p_1351,1,0,
p_1352,1,0,
p_1353,1,0,
p_1354,1,0,
p_1355,1,0,
p_1356,1,0,
p_1357,1,0,
p_1358,1,0,
p_1359,1,0,
p_1360,1,0,
p_1361,1,0,
p_1362,1,0,
p_1363,1,0,
p_1364,1,0,
p_1365,1,0,
p_1366,1,0,
p_1367,1,0,
p_1368,1,0,
p_1369,1,0,
p_1370,1,0,
p_1371,1,0,
p_1372,1,0,
p_1373,1,0,
p_1374,1,0,
p_1375,1,0,
p_1376,1,0,
p_1377,1,0,
p_1378,1,0,
p_1379,1,0,
p_1380,1,0,
p_1381,1,0,
p_1382,1,0,
p_1383,1,0,
p_1384,1,0,
p_1385,1,0,
p_1386,1,0,
p_1387,1,0,
p_1388,1,0,
p_1389,1,0,
p_1390,1,0,
p_1391,1,0,
p_1392,1,0,
p_1393,1,0,
p_1394,1,0,
p_1395,1,0,
p_1396,1,0,
p_1397,1,0,
p_1398,1,0,
p_1399,1,0,
p_1400,1,0,
p_1401,1,0,
p_1402,1,0,
p_1403,1,0,
p_1404,1,0,
p_1405,1,0,
p_1406,1,0,
p_1407,1,0,
p_1408,1,0,
p_1409,1,0,
p_1410,1,0,
p_1411,1,0,
p_1412,1,0,
p_1413,1,0,
p_1414,1,0,
p_1415,1,0,
p_1416,1,0,
p_1417,1,0,
p_1418,1,0,
p_1419,1,0,
p_1420,1,0,
p_1421,1,0,
p_1422,1,0,
p_1423,1,0,
p_1424,1,0,
p_1425,1,0,
p_1426,1,0,
p_1427,1,0,
p_1428,1,0,
p_1429,1,0,
p_1430,1,0,
p_1431,1,0,
p_1432,1,0,
p_1433,1,0,
p_1434,1,0,
p_1435,1,0,
p_1436,1,0,
p_1437,1,0,
p_1438,1,0,
p_1439,1,0,
p_1440,1,0,
p_1441,1,0,
p_1442,1,0,
p_1443,1,0,
p_1444,1,0,
p_1445,1,0,
p_1446,1,0,
p_1447,1,0,
p_1448,1,0,
p_1449,1,0,
p_1450,1,0,
p_1451,1,0,
p_1452,1,0,
p_1453,1,0,
p_1454,1,0,
p_1455,1,1,
p_1456,1,1,
p_1457,1,1,
p_1458,1,1,
p_1459,1,1,
p_1460,1,1,
p_1461,1,1,
p_1462,1,1,
p_1463,1,1,
p_1464,1,1,
p_1465,1,1,
p_1466,1,1,
p_1467,1,1,
p_1468,1,1,
p_1469,1,1,
p_1470,1,1,
p_1471,1,1,
p_1472,1,1,
p_1473,1,1,
p_1474,1,1,
p_1475,1,1,
p_1476,1,1,
p_1477,1,1,
p_1478,1,1,
p_1479,1,1,
p_1480,1,1,
p_1481,1,1,
p_1482,1,1,
p_1483,1,1,
p_1484,1,1,
p_1485,1,1,
p_1486,1,1,
p_1487,1,1,
p_1488,1,1,
p_1489,1,1,
p_1490,1,1,
p_1491,1,1,
p_1492,1,1,
p_1493,1,1,
p_1494,1,1,
p_1495,1,1,
p_1496,1,1,
p_1497,1,1,
p_1498,1,1,
p_1499,1,1,
p_1500,1,1,
p_1501,1,1,
p_1502,1,1,
p_1503,1,1,
p_1504,1,1,
p_1505,1,1,
p_1506,1,1,
p_1507,1,1,
p_1508,1,1,
p_1509,1,1,
p_1510,1,1,
p_1511,1,1,
p_1512,1,1,
p_1513,1,1,
p_1514,1,1,
p_1515,1,1,
p_1516,1,1,
p_1517,1,1,
p_1518,1,1,
p_1519,1,1,
p_1520,1,1,
p_1521,1,1,
p_1522,1,1,
p_1523,1,1,
p_1524,1,1,
p_1525,1,1,
p_1526,1,1,
p_1527,1,1,
p_1528,1,1,
p_1529,1,1,
p_1530,1,1,
p_1531,1,1,
p_1532,1,1,
p_1533,1,1,
p_1534,1,1,
p_1535,1,1,
p_1536,1,1,
p_1537,1,1,
p_1538,1,1,
p_1539,1,1,
p_1540,1,1,
p_1541,1,1,
p_1542,1,1,
p_1543,1,1,
p_1544,1,1,
p_1545,1,1,
p_1546,1,1,
p_1547,1,1,
p_1548,1,1,
p_1549,1,1,
p_1550,1,1,
p_1551,1,1,
p_1552,1,1,
p_1553,1,1,
p_1554,1,1,
p_1555,1,1,
p_1556,1,1,
p_1557,1,1,
p_1558,1,1,
p_1559,1,1,
p_1560,1,1,
p_1561,1,1,
p_1562,1,1,
p_1563,1,1,
p_1564,1,1,
p_1565,1,1,
p_1566,1,1,
p_1567,1,1,
p_1568,1,1,
p_1569,1,1,
p_1570,1,1,
p_1571,1,1,
p_1572,1,1,
p_1573,1,1,
p_1574,1,1,
p_1575,1,1,
p_1576,1,1,
p_1577,1,1,
p_1578,1,1,
p_1579,1,1,
p_1580,1,1,
p_1581,1,1,
p_1582,1,1,
p_1583,1,1,
p_1584,1,1,
p_1585,1,0,
p_1586,1,0,
p_1587,1,0,
p_1588,1,1,
p_1589,1,1,
p_1590,1,1,
p_1591,1,1,
p_1592,1,1,
p_1593,1,1,
p_1594,1,1,
p_1595,1,1,
p_1596,1,1,
p_1597,1,1,
p_1598,1,1,
p_1599,1,1,
p_1600,1,1,
p_1601,1,1,
p_1602,1,1,
p_1603,1,1,
p_1604,1,1,
p_1605,1,1,
p_1606,1,1,
p_1607,1,1,
p_1608,1,1,
p_1609,1,1,
p_1610,1,1,
p_1611,1,1,
p_1612,1,1,
p_1613,1,1,
p_1614,1,1,
p_1615,1,1,
p_1616,1,0,
p_1617,1,0,
p_1618,1,0,
p_1619,1,0,
p_1620,1,0,
p_1621,1,0,
p_1622,1,0,
p_1623,1,0,
p_1624,1,0,
p_1625,1,0,
p_1626,1,0,
p_1627,1,0,
p_1628,1,0,
p_1629,1,0,
p_1630,1,0,
p_1631,1,0,
p_1632,1,0,
p_1633,1,0,
p_1634,1,0,
p_1635,1,0,
p_1636,1,0,
p_1637,1,0,
p_1638,1,0,
p_1639,1,0,
p_1640,1,0,
p_1641,1,0,
p_1642,1,0,
p_1643,1,0,
p_1644,1,0,
p_1645,1,0,
p_1646,1,0,
p_1647,1,0,
p_1648,1,0,
p_1649,1,0,
p_1650,1,0,
p_1651,1,0,
p_1652,1,0,
p_1653,1,0,
p_1654,1,0,
p_1655,1,0,
p_1656,1,0,
p_1657,1,0,
p_1658,1,0,
p_1659,1,0,
p_1660,1,0,
p_1661,1,0,
p_1662,1,0,
p_1663,1,0,
p_1664,1,0,
p_1665,1,0,
p_1666,1,0,
p_1667,1,0,
p_1668,1,0,
p_1669,1,0,
p_1670,1,0,
p_1671,1,0,
p_1672,1,0,
p_1673,1,0,
p_1674,1,0,
p_1675,1,0,
p_1676,1,0,
p_1677,1,0,
p_1678,1,0,
p_1679,1,0,
p_1680,1,0,
p_1681,1,0,
p_1682,1,0,
p_1683,1,0,
p_1684,1,0,
p_1685,1,0,
p_1686,1,0,
p_1687,1,1,
p_1688,1,1,
p_1689,1,1,
p_1690,1,1,
p_1691,1,1,
p_1692,1,1,
p_1693,1,1,
p_1694,1,1,
p_1695,1,1,
p_1696,1,1,
p_1697,1,1,
p_1698,1,1,
p_1699,1,1,
p_1700,1,1,
p_1701,1,1,
p_1702,1,1,
p_1703,1,1,
p_1704,1,1,
p_1705,1,1,
p_1706,1,1,
p_1707,1,1,
p_1708,1,1,
p_1709,1,1,
p_1710,1,1,
p_1711,1,1,
p_1712,1,1,
p_1713,1,1,
p_1714,1,1,
p_1715,1,1,
p_1716,1,1,
p_1717,1,1,
p_1718,1,1,
p_1719,1,1,
p_1720,1,1,
p_1721,1,1,
p_1722,1,1,
p_1723,1,1,
p_1724,1,1,
p_1725,1,1,
p_1726,1,1,
p_1727,1,1,
p_1728,1,1,
p_1729,1,1,
p_1730,1,1,
p_1731,1,1,
p_1732,1,1,
p_1733,1,1,
p_1734,1,1,
p_1735,1,1,
p_1736,1,1,
p_1737,1,1,
p_1738,1,1,
p_1739,1,1,
p_1740,1,1,
p_1741,1,1,
p_1742,1,1,
p_1743,1,1,
p_1744,1,1,
p_1745,1,1,
p_1746,1,1,
p_1747,1,1,
p_1748,1,1,
p_1749,1,1,
p_1750,1,1,
p_1751,1,1,
p_1752,1,1,
p_1753,1,1,
p_1754,1,1,
p_1755,1,1,
p_1756,1,1,
p_1757,1,1,
p_1758,1,0,
p_1759,1,0,
p_1760,1,0,
p_1761,1,0,
p_1762,1,0,
p_1763,1,0,
p_1764,1,0,
p_1765,1,0,
p_1766,1,0,
p_1767,1,0,
p_1768,1,0,
p_1769,1,0,
p_1770,1,0,
p_1771,1,0,
p_1772,1,0,
p_1773,1,0,
p_1774,1,0,
p_1775,1,0,
p_1776,1,0,
p_1777,1,0,
p_1778,1,0,
p_1779,1,0,
p_1780,1,0,
p_1781,1,0,
p_1782,1,0,
p_1783,1,0,
p_1784,1,0,
p_1785,1,0,
p_1786,1,1,
p_1787,1,1,
p_1788,1,1,
p_1789,1,1,
p_1790,1,1,
p_1791,1,1,
p_1792,1,1,
p_1793,1,1,
p_1794,1,1,
p_1795,1,1,
p_1796,1,1,
p_1797,1,1,
p_1798,1,1,
p_1799,1,1,
p_1800,1,1,
p_1801,1,1,
p_1802,1,1,
p_1803,1,1,
p_1804,1,1,
p_1805,1,1,
p_1806,1,1,
p_1807,1,1,
p_1808,1,1,
p_1809,1,1,
p_1810,1,1,
p_1811,1,1,
p_1812,1,1,
p_1813,1,1,
p_1814,1,1,
p_1815,1,1,
p_1816,1,1,
p_1817,1,1,
p_1818,1,1,
p_1819,1,1,
p_1820,1,1,
p_1821,1,1,
p_1822,1,1,
p_1823,1,1,
p_1824,1,1,
p_1825,1,1,
p_1826,1,1,
p_1827,1,1,
p_1828,1,1,
p_1829,1,1,
p_1830,1,1,
p_1831,1,1,
p_1832,1,1,
p_1833,1,1,
p_1834,1,1,
p_1835,1,1,
p_1836,1,1,
p_1837,1,1,
p_1838,1,0,
p_1839,1,0,
p_1840,1,0,
p_1841,1,0,
p_1842,1,0,
p_1843,1,0,
p_1844,1,0,
p_1845,1,0,
p_1846,1,0,
p_1847,1,0,
p_1848,1,0,
p_1849,1,0,
p_1850,1,0,
p_1851,1,0,
p_1852,1,0,
p_1853,1,0,
p_1854,1,0,
p_1855,1,0,
p_1856,1,0,
p_1857,1,0,
p_1858,1,0,
p_1859,1,0,
p_1860,1,0,
p_1861,1,0,
p_1862,1,0,
p_1863,1,0,
p_1864,1,0,
p_1865,1,0,
p_1866,1,0,
p_1867,1,0,
p_1868,1,0,
p_1869,1,0,
p_1870,1,0,
p_1871,1,0,
p_1872,1,0,
p_1873,1,0,
p_1874,1,0,
p_1875,1,0,
p_1876,1,0,
p_1877,1,0,
p_1878,1,0,
p_1879,1,0,
p_1880,1,1,
p_1881,1,1,
p_1882,1,1,
p_1883,1,1,
p_1884,1,1,
p_1885,1,1,
p_1886,1,1,
p_1887,1,1,
p_1888,1,1,
p_1889,1,1,
p_1890,1,1,
p_1891,1,1,
p_1892,1,1,
p_1893,1,1,
p_1894,1,1,
p_1895,1,1,
p_1896,1,1,
p_1897,1,1,
p_1898,1,1,
p_1899,1,1,
p_1900,1,1,
p_1901,1,1,
p_1902,1,1,
p_1903,1,1,
p_1904,1,1,
p_1905,1,1,
p_1906,1,1,
p_1907,1,1,
p_1908,1,1,
p_1909,1,1,
p_1910,1,1,
p_1911,1,1,
p_1912,1,1,
p_1913,1,1,
p_1914,1,1,
p_1915,1,1,
p_1916,1,1,
p_1917,1,1,
p_1918,1,1,
p_1919,1,1,
p_1920,1,1,
p_1921,1,1,
p_1922,1,1,
p_1923,1,1,
p_1924,1,1,
p_1925,1,1,
p_1926,1,1,
p_1927,1,1,
p_1928,1,1,
p_1929,1,1,
p_1930,1,1,
p_1931,1,1,
p_1932,1,1,
p_1933,1,1,
p_1934,1,1,
p_1935,1,1,
p_1936,1,1,
p_1937,1,1,
p_1938,1,1,
p_1939,1,1,
p_1940,1,1,
p_1941,1,1,
p_1942,1,1,
p_1943,1,1,
p_1944,1,1,
p_1945,1,1,
p_1946,1,1,
p_1947,1,1,
p_1948,1,1,
p_1949,1,1,
p_1950,1,1,
p_1951,1,1,
p_1952,1,1,
p_1953,1,1,
p_1954,1,1,
p_1955,1,1,
p_1956,1,1,
p_1957,1,1,
p_1958,1,1,
p_1959,1,1,
p_1960,1,1,
p_1961,1,1,
p_1962,1,1,
p_1963,1,1,
p_1964,1,1,
p_1965,1,0,
p_1966,1,0,
p_1967,1,0,
p_1968,1,0,
p_1969,1,0,
p_1970,1,0,
p_1971,1,0,
p_1972,1,0,
p_1973,1,0,
p_1974,1,0,
p_1975,1,0,
p_1976,1,0,
p_1977,1,0,
p_1978,1,0,
p_1979,1,0,
p_1980,1,0,
p_1981,1,0,
p_1982,1,0,
p_1983,1,0,
p_1984,1,0,
p_1985,1,0,
p_1986,1,0,
p_1987,1,0,
p_1988,1,0,
p_1989,1,0,
p_1990,1,0,
p_1991,1,0,
p_1992,1,0,
p_1993,1,0,
p_1994,1,0,
p_1995,1,0,
p_1996,1,0,
p_1997,1,0,
p_1998,1,0,
p_1999,1,0,
p_2000,1,0,
p_2001,1,0,
p_2002,1,0,
p_2003,1,0,
p_2004,1,0,
p_2005,1,0,
p_2006,1,0,
p_2007,1,0,
p_2008,1,0,
p_2009,1,0,
p_2010,1,0,
p_2011,1,0,
p_2012,1,0,
p_2013,1,0,
p_2014,1,0,
p_2015,1,0,
p_2016,1,0,
p_2017,1,0,
p_2018,1,0,
p_2019,1,0,
p_2020,1,0,
p_2021,1,0,
p_2022,1,0,
p_2023,1,0,
p_2024,1,0,
p_2025,1,0,
p_2026,1,0,
p_2027,1,0,
p_2028,1,0,
p_2029,1,0,
p_2030,1,0,
p_2031,1,0,
p_2032,1,0,
p_2033,1,0,
p_2034,1,0,
p_2035,1,0,
p_2036,1,0,
p_2037,1,0,
p_2038,1,0,
p_2039,1,0,
p_2040,1,0,
p_2041,1,0,
p_2042,1,0,
p_2043,1,0,
p_2044,1,0,
p_2045,1,0,
p_2046,1,0,
p_2047,1,0,
p_2048,1,0,
p_2049,1,0,
p_2050,1,0,
p_2051,1,0,
p_2052,1,0,
p_2053,1,0,
p_2054,1,0,
p_2055,1,0,
p_2056,1,0,
p_2057,1,0,
p_2058,1,0,
p_2059,1,0,
p_2060,1,0,
p_2061,1,0,
p_2062,1,0,
p_2063,1,0,
p_2064,1,0,
p_2065,1,0,
p_2066,1,0,
p_2067,1,0,
p_2068,1,0,
p_2069,1,0,
p_2070,1,0,
p_2071,1,0,
p_2072,1,0,
p_2073,1,0,
p_2074,1,0,
p_2075,1,0,
p_2076,1,0,
p_2077,1,0,
p_2078,1,0,
p_2079,1,0,
p_2080,1,0,
p_2081,1,0,
p_2082,1,0,
p_2083,1,0,
p_2084,1,0,
p_2085,1,0,
p_2086,1,0,
p_2087,1,0,
p_2088,1,0,
p_2089,1,0,
p_2090,1,0,
p_2091,1,0,
p_2092,1,0,
p_2093,1,0,
p_2094,1,0,
p_2095,1,0,
p_2096,1,0,
p_2097,1,0,
p_2098,1,0,
p_2099,1,0,
p_2100,1,1,
p_2101,1,1,
p_2102,1,1,
p_2103,1,1,
p_2104,1,1,
p_2105,1,1,
p_2106,1,1,
p_2107,1,1,
p_2108,1,1,
p_2109,1,1,
p_2110,1,1,
p_2111,1,1,
p_2112,1,1,
p_2113,1,1,
p_2114,1,1,
p_2115,1,1,
p_2116,1,1,
p_2117,1,1,
p_2118,1,1,
p_2119,1,1,
p_2120,1,1,
p_2121,1,1,
p_2122,1,1,
p_2123,1,1,
p_2124,1,1,
p_2125,1,1,
p_2126,1,1,
p_2127,1,1,
p_2128,1,1,
p_2129,1,1,
p_2130,1,1,
p_2131,1,1,
p_2132,1,1,
p_2133,1,1,
p_2134,1,1,
p_2135,1,1,
p_2136,1,1,
p_2137,1,1,
p_2138,1,1,
p_2139,1,1,
p_2140,1,1,
p_2141,1,1,
p_2142,1,1,
p_2143,1,1,
p_2144,1,1,
p_2145,1,1,
p_2146,1,1,
p_2147,1,1,
p_2148,1,1,
p_2149,1,1,
p_2150,1,1,
p_2151,1,1,
p_2152,1,1,
p_2153,1,1,
p_2154,1,1,
p_2155,1,1,
p_2156,1,1,
p_2157,1,1,
p_2158,1,1,
p_2159,1,1,
p_2160,1,1,
p_2161,1,1,
p_2162,1,1,
p_2163,1,1,
p_2164,1,1,
p_2165,1,1,
p_2166,1,1,
p_2167,1,1,
p_2168,1,1,
p_2169,1,1,
p_2170,1,1,
p_2171,1,1,
p_2172,1,1,
p_2173,1,1,
p_2174,1,1,
p_2175,1,1,
p_2176,1,1,
p_2177,1,1,
p_2178,1,1,
p_2179,1,1,
p_2180,1,1,
p_2181,1,1,
p_2182,1,1,
p_2183,1,1,
p_2184,1,1,
p_2185,1,1,
p_2186,1,1,
p_2187,1,1,
p_2188,1,1,
p_2189,1,1,
p_2190,1,1,
p_2191,1,0,
p_2192,1,0,
p_2193,1,0,
p_2194,1,0,
p_2195,1,0,
p_2196,1,0,
p_2197,1,0,
p_2198,1,0,
p_2199,1,0,
p_2200,1,0,
p_2201,1,0,
p_2202,1,0,
p_2203,1,0,
p_2204,1,0,
p_2205,1,0,
p_2206,1,0,
p_2207,1,0,
p_2208,1,0,
p_2209,1,0,
p_2210,1,0,
p_2211,1,0,
p_2212,1,0,
p_2213,1,0,
p_2214,1,0,
p_2215,1,0,
p_2216,1,0,
p_2217,1,0,
p_2218,1,0,
p_2219,1,0,
p_2220,1,0,
p_2221,1,0,
p_2222,1,0,
p_2223,1,0,
p_2224,1,0,
p_2225,1,0,
p_2226,1,0,
p_2227,1,0,
p_2228,1,0,
p_2229,1,0,
p_2230,1,0,
p_2231,1,0,
p_2232,1,0,
p_2233,1,0,
p_2234,1,0,
p_2235,1,0,
p_2236,1,0,
p_2237,1,0,
p_2238,1,0,
p_2239,1,0,
p_2240,1,0,
p_2241,1,0,
p_2242,1,0,
p_2243,1,0,
p_2244,1,0,
p_2245,1,0,
p_2246,1,0,
p_2247,1,0,
p_2248,1,0,
p_2249,1,0,
p_2250,1,0,
p_2251,1,0,
p_2252,1,0,
p_2253,1,0,
p_2254,1,0,
p_2255,1,0,
p_2256,1,0,
p_2257,1,0,
p_2258,1,0,
p_2259,1,0,
p_2260,1,0,
p_2261,1,0,
p_2262,1,0,
p_2263,1,0,
p_2264,1,0,
p_2265,1,0,
p_2266,1,0,
p_2267,1,0,
p_2268,1,0,
p_2269,1,0,
p_2270,1,0,
p_2271,1,0,
p_2272,1,0,
p_2273,1,0,
p_2274,1,0,
p_2275,1,0,
p_2276,1,0,
p_2277,1,0,
p_2278,1,0,
p_2279,1,0,
p_2280,1,0,
p_2281,1,1,
p_2282,1,1,
p_2283,1,1,
p_2284,1,1,
p_2285,1,1,
p_2286,1,1,
p_2287,1,1,
p_2288,1,1,
p_2289,1,1,
p_2290,1,1,
p_2291,1,1,
p_2292,1,1,
p_2293,1,1,
p_2294,1,1,
p_2295,1,1,
p_2296,1,1,
p_2297,1,1,
p_2298,1,1,
p_2299,1,1,
p_2300,1,1,
p_2301,1,1,
p_2302,1,1,
p_2303,1,1,
p_2304,1,1,
p_2305,1,1,
p_2306,1,1,
p_2307,1,1,
p_2308,1,1,
p_2309,1,1,
p_2310,1,1,
p_2311,1,1,
p_2312,1,1,
p_2313,1,1,
p_2314,1,1,
p_2315,1,1,
p_2316,1,1,
p_2317,1,1,
p_2318,1,1,
p_2319,1,1,
p_2320,1,1,
p_2321,1,1,
p_2322,1,1,
p_2323,1,1,
p_2324,1,1,
p_2325,1,1,
p_2326,1,1,
p_2327,1,1,
p_2328,1,1,
p_2329,1,1,
p_2330,1,1,
p_2331,1,1,
p_2332,1,1,
p_2333,1,1,
p_2334,1,1,
p_2335,1,1,
p_2336,1,1,
p_2337,1,1,
p_2338,1,1,
p_2339,1,1,
p_2340,1,1,
p_2341,1,1,
p_2342,1,0,
p_2343,1,0,
p_2344,1,0,
p_2345,1,0,
p_2346,1,0,
p_2347,1,0,
p_2348,1,0,
p_2349,1,0,
p_2350,1,0,
p_2351,1,0,
p_2352,1,0,
p_2353,1,0,
p_2354,1,0,
p_2355,1,0,
p_2356,1,0,
p_2357,1,0,
p_2358,1,0,
p_2359,1,0,
p_2360,1,0,
p_2361,1,0,
p_2362,1,0,
p_2363,1,0,
p_2364,1,0,
p_2365,1,0,
p_2366,1,0,
p_2367,1,0,
p_2368,1,0,
p_2369,1,0,
p_2370,1,0,
p_2371,1,0,
p_2372,1,0,
p_2373,1,0,
p_2374,1,0,
p_2375,1,0,
p_2376,1,0,
p_2377,1,0,
p_2378,1,0,
p_2379,1,0,
p_2380,1,0,
p_2381,1,0,
p_2382,1,0,
p_2383,1,0,
p_2384,1,0,
p_2385,1,0,
p_2386,1,0,
p_2387,1,0,
p_2388,1,0,
p_2389,1,0,
p_2390,1,0,
p_2391,1,0,
p_2392,1,0,
p_2393,1,0,
p_2394,1,0,
p_2395,1,0,
p_2396,1,0,
p_2397,1,0,
p_2398,1,0,
p_2399,1,0,
p_2400,1,0,
p_2401,1,0,
p_2402,1,0,
p_2403,1,0,
p_2404,1,0,
p_2405,1,1,
p_2406,1,1,
p_2407,1,1,
p_2408,1,1,
p_2409,1,1,
p_2410,1,1,
p_2411,1,1,
p_2412,1,1,
p_2413,1,1,
p_2414,1,1,
p_2415,1,1,
p_2416,1,1,
p_2417,1,1,
p_2418,1,1,
p_2419,1,1,
p_2420,1,1,
p_2421,1,1,
p_2422,1,1,
p_2423,1,1,
p_2424,1,1,
p_2425,1,1,
p_2426,1,1,
p_2427,1,1,
p_2428,1,1,
p_2429,1,1,
p_2430,1,1,
p_2431,1,1,
p_2432,1,1,
p_2433,1,1,
p_2434,1,1,
p_2435,1,1,
p_2436,1,1,
p_2437,1,1,
p_2438,1,1,
p_2439,1,1,
p_2440,1,1,
p_2441,1,1,
p_2442,1,1,
p_2443,1,1,
p_2444,1,1,
p_2445,1,1,
p_2446,1,1,
p_2447,1,1,
p_2448,1,1,
p_2449,1,1,
p_2450,1,1,
p_2451,1,1,
p_2452,1,1,
p_2453,1,1,
p_2454,1,1,
p_2455,1,1,
p_2456,1,1,
p_2457,1,1,
p_2458,1,1,
p_2459,1,1,
p_2460,1,1,
p_2461,1,1,
p_2462,1,1,
p_2463,1,1,
p_2464,1,1,
p_2465,1,1,
p_2466,1,1,
p_2467,1,1,
p_2468,1,1,
p_2469,1,1,
p_2470,1,0,
p_2471,1,0,
p_2472,1,0,
p_2473,1,0,
p_2474,1,0,
p_2475,1,0,
p_2476,1,0,
p_2477,1,0,
p_2478,1,0,
p_2479,1,0,
p_2480,1,0,
p_2481,1,0,
p_2482,1,0,
p_2483,1,0,
p_2484,1,0,
p_2485,1,0,
p_2486,1,0,
p_2487,1,0,
p_2488,1,0,
p_2489,1,0,
p_2490,1,0,
p_2491,1,0,
p_2492,1,0,
p_2493,1,0,
p_2494,1,0,
p_2495,1,0,
p_2496,1,0,
p_2497,1,0,
p_2498,1,0,
p_2499,1,0,
p_2500,1,0,
p_2501,1,0,
p_2502,1,0,
p_2503,1,0,
p_2504,1,0,
p_2505,1,0,
p_2506,1,0,
p_2507,1,0,
p_2508,1,0,
p_2509,1,0,
p_2510,1,0,
p_2511,1,0,
p_2512,1,0,
p_2513,1,0,
p_2514,1,0,
p_2515,1,0,
p_2516,1,0,
p_2517,1,0,
p_2518,1,0,
p_2519,1,0,
p_2520,1,0,
p_2521,1,0,
p_2522,1,0,
p_2523,1,0,
p_2524,1,0,
p_2525,1,0,
p_2526,1,1,
p_2527,1,1,
p_2528,1,1,
p_2529,1,1,
p_2530,1,1,
p_2531,1,1,
p_2532,1,1,
p_2533,1,1,
p_2534,1,0,
p_2535,1,0,
p_2536,1,0,
p_2537,1,0,
p_2538,1,0,
p_2539,1,0,
p_2540,1,0,
p_2541,1,0,
p_2542,1,0,
p_2543,1,0,
p_2544,1,0,
p_2545,1,0,
p_2546,1,0,
p_2547,1,0,
p_2548,1,0,
p_2549,1,0,
p_2550,1,0,
p_2551,1,0,
p_2552,1,0,
p_2553,1,0,
p_2554,1,0,
p_2555,1,0,
p_2556,1,0,
p_2557,1,0,
p_2558,1,0,
p_2559,1,0,
p_2560,1,0,
p_2561,1,0,
p_2562,1,0,
p_2563,1,0,
p_2564,1,0,
p_2565,1,0,
p_2566,1,0,
p_2567,1,0,
p_2568,1,0,
p_2569,1,0,
p_1,2,1,
p_2,2,1,
p_3,2,1,
p_4,2,1,
p_5,2,1,
p_6,2,1,
p_7,2,1,
p_8,2,1,
p_9,2,1,
p_10,2,1,
p_11,2,1,
p_12,2,1,
p_13,2,1,
p_14,2,1,
p_15,2,1,
p_16,2,1,
p_17,2,1,
p_18,2,1,
p_19,2,1,
p_20,2,1,
p_21,2,1,
p_22,2,1,
p_23,2,1,
p_24,2,1,
p_25,2,1,
p_26,2,1,
p_27,2,1,
p_28,2,1,
p_29,2,1,
p_30,2,1,
p_31,2,1,
p_32,2,1,
p_33,2,1,
p_34,2,1,
p_35,2,1,
p_36,2,1,
p_37,2,1,
p_38,2,1,
p_39,2,1,
p_40,2,1,
p_41,2,1,
p_42,2,1,
p_43,2,1,
p_44,2,1,
p_45,2,1,
p_46,2,1,
p_47,2,1,
p_48,2,1,
p_49,2,1,
p_50,2,1,
p_51,2,1,
p_52,2,1,
p_53,2,1,
p_54,2,1,
p_55,2,1,
p_56,2,0,
p_57,2,0,
p_58,2,0,
p_59,2,0,
p_60,2,0,
p_61,2,0,
p_62,2,0,
p_63,2,0,
p_64,2,0,
p_65,2,0,
p_66,2,0,
p_67,2,0,
p_68,2,0,
p_69,2,0,
p_70,2,0,
p_71,2,0,
p_72,2,1,
p_73,2,1,
p_74,2,1,
p_75,2,1,
p_76,2,1,
p_77,2,1,
p_78,2,1,
p_79,2,1,
p_80,2,1,
p_81,2,1,
p_82,2,1,
p_83,2,1,
p_84,2,1,
p_85,2,1,
p_86,2,1,
p_87,2,1,
p_88,2,1,
p_89,2,1,
p_90,2,1,
p_91,2,1,
p_92,2,1,
p_93,2,1,
p_94,2,1,
p_95,2,1,
p_96,2,1,
p_97,2,1,
p_98,2,1,
p_99,2,1,
p_100,2,1,
p_101,2,1,
p_102,2,1,
p_103,2,1,
p_104,2,1,
p_105,2,1,
p_106,2,1,
p_107,2,1,
p_108,2,1,
p_109,2,1,
p_110,2,1,
p_111,2,1,
p_112,2,1,
p_113,2,0,
p_114,2,0,
p_115,2,0,
p_116,2,0,
p_117,2,0,
p_118,2,0,
p_119,2,0,
p_120,2,0,
p_121,2,0,
p_122,2,0,
p_123,2,0,
p_124,2,0,
p_125,2,0,
p_126,2,0,
p_127,2,0,
p_128,2,0,
p_129,2,0,
p_130,2,0,
p_131,2,0,
p_132,2,0,
p_133,2,0,
p_134,2,0,
p_135,2,0,
p_136,2,0,
p_137,2,0,
p_138,2,0,
p_139,2,0,
p_140,2,0,
p_141,2,0,
p_142,2,0,
p_143,2,0,
p_144,2,0,
p_145,2,0,
p_146,2,0,
p_147,2,0,
p_148,2,0,
p_149,2,0,
p_150,2,0,
p_151,2,0,
p_152,2,0,
p_153,2,0,
p_154,2,0,
p_155,2,0,
p_156,2,0,
p_157,2,0,
p_158,2,0,
p_159,2,0,
p_160,2,0,
p_161,2,0,
p_162,2,0,
p_163,2,0,
p_164,2,0,
p_165,2,0,
p_166,2,0,
p_167,2,0,
p_168,2,0,
p_169,2,0,
p_170,2,0,
p_171,2,0,
p_172,2,0,
p_173,2,0,
p_174,2,0,
p_175,2,0,
p_176,2,0,
p_177,2,0,
p_178,2,0,
p_179,2,0,
p_180,2,0,
p_181,2,0,
p_182,2,0,
p_183,2,0,
p_184,2,0,
p_185,2,0,
p_186,2,0,
p_187,2,0,
p_188,2,0,
p_189,2,0,
p_190,2,0,
p_191,2,0,
p_192,2,0,
p_193,2,0,
p_194,2,0,
p_195,2,0,
p_196,2,0,
p_197,2,0,
p_198,2,0,
p_199,2,0,
p_200,2,0,
p_201,2,0,
p_202,2,0,
p_203,2,0,
p_204,2,0,
p_205,2,0,
p_206,2,0,
p_207,2,0,
p_208,2,0,
p_209,2,0,
p_210,2,0,
p_211,2,0,
p_212,2,0,
p_213,2,0,
p_214,2,0,
p_215,2,0,
p_216,2,0,
p_217,2,0,
p_218,2,0,
p_219,2,0,
p_220,2,0,
p_221,2,0,
p_222,2,0,
p_223,2,0,
p_224,2,0,
p_225,2,0,
p_226,2,0,
p_227,2,0,
p_228,2,0,
p_229,2,0,
p_230,2,0,
p_231,2,0,
p_232,2,0,
p_233,2,0,
p_234,2,0,
p_235,2,0,
p_236,2,0,
p_237,2,0,
p_238,2,0,
p_239,2,0,
p_240,2,0,
p_241,2,0,
p_242,2,0,
p_243,2,0,
p_244,2,0,
p_245,2,0,
p_246,2,0,
p_247,2,0,
p_248,2,0,
p_249,2,0,
p_250,2,0,
p_251,2,0,
p_252,2,0,
p_253,2,0,
p_254,2,0,
p_255,2,0,
p_256,2,0,
p_257,2,0,
p_258,2,0,
p_259,2,0,
p_260,2,0,
p_261,2,0,
p_262,2,0,
p_263,2,0,
p_264,2,0,
p_265,2,0,
p_266,2,0,
p_267,2,0,
p_268,2,0,
p_269,2,0,
p_270,2,0,
p_271,2,0,
p_272,2,0,
p_273,2,0,
p_274,2,0,
p_275,2,0,
p_276,2,0,
p_277,2,0,
p_278,2,0,
p_279,2,0,
p_280,2,0,
p_281,2,0,
p_282,2,0,
p_283,2,0,
p_284,2,0,
p_285,2,0,
p_286,2,0,
p_287,2,0,
p_288,2,0,
p_289,2,0,
p_290,2,0,
p_291,2,0,
p_292,2,0,
p_293,2,0,
p_294,2,0,
p_295,2,0,
p_296,2,0,
p_297,2,0,
p_298,2,0,
p_299,2,0,
p_300,2,0,
p_301,2,0,
p_302,2,0,
p_303,2,0,
p_304,2,0,
p_305,2,0,
p_306,2,0,
p_307,2,0,
p_308,2,0,
p_309,2,0,
p_310,2,0,
p_311,2,0,
p_312,2,0,
p_313,2,0,
p_314,2,0,
p_315,2,0,
p_316,2,0,
p_317,2,0,
p_318,2,0,
p_319,2,0,
p_320,2,0,
p_321,2,0,
p_322,2,0,
p_323,2,0,
p_324,2,0,
p_325,2,0,
p_326,2,0,
p_327,2,0,
p_328,2,0,
p_329,2,0,
p_330,2,0,
p_331,2,0,
p_332,2,0,
p_333,2,0,
p_334,2,0,
p_335,2,0,
p_336,2,0,
p_337,2,0,
p_338,2,0,
p_339,2,0,
p_340,2,0,
p_341,2,0,
p_342,2,0,
p_343,2,0,
p_344,2,0,
p_345,2,0,
p_346,2,0,
p_347,2,0,
p_348,2,0,
p_349,2,0,
p_350,2,1,
p_351,2,1,
p_352,2,1,
p_353,2,1,
p_354,2,1,
p_355,2,1,
p_356,2,1,
p_357,2,1,
p_358,2,1,
p_359,2,1,
p_360,2,1,
p_361,2,1,
p_362,2,1,
p_363,2,1,
p_364,2,1,
p_365,2,1,
p_366,2,1,
p_367,2,1,
p_368,2,1,
p_369,2,1,
p_370,2,1,
p_371,2,1,
p_372,2,1,
p_373,2,1,
p_374,2,1,
p_375,2,1,
p_376,2,1,
p_377,2,1,
p_378,2,1,
p_379,2,1,
p_380,2,1,
p_381,2,1,
p_382,2,1,
p_383,2,1,
p_384,2,1,
p_385,2,1,
p_386,2,1,
p_387,2,1,
p_388,2,1,
p_389,2,1,
p_390,2,1,
p_391,2,1,
p_392,2,1,
p_393,2,1,
p_394,2,1,
p_395,2,1,
p_396,2,1,
p_397,2,1,
p_398,2,1,
p_399,2,1,
p_400,2,1,
p_401,2,1,
p_402,2,1,
p_403,2,1,
p_404,2,1,
p_405,2,1,
p_406,2,0,
p_407,2,0,
p_408,2,0,
p_409,2,0,
p_410,2,0,
p_411,2,0,
p_412,2,0,
p_413,2,0,
p_414,2,0,
p_415,2,0,
p_416,2,0,
p_417,2,0,
p_418,2,0,
p_419,2,0,
p_420,2,0,
p_421,2,0,
p_422,2,0,
p_423,2,0,
p_424,2,0,
p_425,2,0,
p_426,2,0,
p_427,2,0,
p_428,2,0,
p_429,2,0,
p_430,2,0,
p_431,2,0,
p_432,2,0,
p_433,2,0,
p_434,2,0,
p_435,2,0,
p_436,2,0,
p_437,2,0,
p_438,2,0,
p_439,2,0,
p_440,2,0,
p_441,2,0,
p_442,2,0,
p_443,2,0,
p_444,2,0,
p_445,2,0,
p_446,2,0,
p_447,2,0,
p_448,2,0,
p_449,2,0,
p_450,2,0,
p_451,2,0,
p_452,2,0,
p_453,2,0,
p_454,2,0,
p_455,2,0,
p_456,2,0,
p_457,2,0,
p_458,2,0,
p_459,2,0,
p_460,2,0,
p_461,2,0,
p_462,2,0,
p_463,2,0,
p_464,2,0,
p_465,2,0,
p_466,2,0,
p_467,2,0,
p_468,2,0,
p_469,2,0,
p_470,2,0,
p_471,2,0,
p_472,2,0,
p_473,2,0,
p_474,2,0,
p_475,2,0,
p_476,2,0,
p_477,2,0,
p_478,2,0,
p_479,2,0,
p_480,2,0,
p_481,2,0,
p_482,2,0,
p_483,2,0,
p_484,2,0,
p_485,2,0,
p_486,2,0,
p_487,2,0,
p_488,2,0,
p_489,2,0,
p_490,2,0,
p_491,2,0,
p_492,2,0,
p_493,2,0,
p_494,2,0,
p_495,2,0,
p_496,2,0,
p_497,2,0,
p_498,2,0,
p_499,2,0,
p_500,2,0,
p_501,2,0,
p_502,2,0,
p_503,2,0,
p_504,2,0,
p_505,2,0,
p_506,2,0,
p_507,2,0,
p_508,2,0,
p_509,2,0,
p_510,2,0,
p_511,2,0,
p_512,2,0,
p_513,2,0,
p_514,2,0,
p_515,2,1,
p_516,2,1,
p_517,2,1,
p_518,2,1,
p_519,2,1,
p_520,2,1,
p_521,2,1,
p_522,2,1,
p_523,2,1,
p_524,2,1,
p_525,2,1,
p_526,2,1,
p_527,2,1,
p_528,2,1,
p_529,2,1,
p_530,2,1,
p_531,2,1,
p_532,2,1,
p_533,2,1,
p_534,2,1,
p_535,2,1,
p_536,2,1,
p_537,2,1,
p_538,2,1,
p_539,2,1,
p_540,2,1,
p_541,2,1,
p_542,2,1,
p_543,2,1,
p_544,2,1,
p_545,2,1,
p_546,2,1,
p_547,2,1,
p_548,2,1,
p_549,2,1,
p_550,2,1,
p_551,2,1,
p_552,2,1,
p_553,2,1,
p_554,2,1,
p_555,2,1,
p_556,2,1,
p_557,2,1,
p_558,2,1,
p_559,2,1,
p_560,2,1,
p_561,2,1,
p_562,2,1,
p_563,2,1,
p_564,2,1,
p_565,2,1,
p_566,2,1,
p_567,2,1,
p_568,2,1,
p_569,2,1,
p_570,2,1,
p_571,2,1,
p_572,2,1,
p_573,2,1,
p_574,2,1,
p_575,2,1,
p_576,2,1,
p_577,2,1,
p_578,2,1,
p_579,2,1,
p_580,2,1,
p_581,2,1,
p_582,2,1,
p_583,2,1,
p_584,2,1,
p_585,2,1,
p_586,2,1,
p_587,2,1,
p_588,2,1,
p_589,2,1,
p_590,2,1,
p_591,2,1,
p_592,2,1,
p_593,2,1,
p_594,2,1,
p_595,2,1,
p_596,2,1,
p_597,2,1,
p_598,2,1,
p_599,2,1,
p_600,2,1,
p_601,2,1,
p_602,2,1,
p_603,2,1,
p_604,2,1,
p_605,2,1,
p_606,2,1,
p_607,2,1,
p_608,2,1,
p_609,2,0,
p_610,2,0,
p_611,2,0,
p_612,2,0,
p_613,2,0,
p_614,2,0,
p_615,2,0,
p_616,2,0,
p_617,2,0,
p_618,2,0,
p_619,2,0,
p_620,2,0,
p_621,2,0,
p_622,2,0,
p_623,2,0,
p_624,2,0,
p_625,2,0,
p_626,2,0,
p_627,2,0,
p_628,2,0,
p_629,2,0,
p_630,2,0,
p_631,2,0,
p_632,2,0,
p_633,2,0,
p_634,2,0,
p_635,2,0,
p_636,2,0,
p_637,2,0,
p_638,2,0,
p_639,2,0,
p_640,2,0,
p_641,2,0,
p_642,2,0,
p_643,2,0,
p_644,2,0,
p_645,2,0,
p_646,2,0,
p_647,2,0,
p_648,2,0,
p_649,2,0,
p_650,2,0,
p_651,2,0,
p_652,2,0,
p_653,2,0,
p_654,2,0,
p_655,2,0,
p_656,2,0,
p_657,2,0,
p_658,2,0,
p_659,2,0,
p_660,2,0,
p_661,2,0,
p_662,2,0,
p_663,2,0,
p_664,2,0,
p_665,2,0,
p_666,2,1,
p_667,2,1,
p_668,2,1,
p_669,2,1,
p_670,2,1,
p_671,2,1,
p_672,2,1,
p_673,2,1,
p_674,2,1,
p_675,2,1,
p_676,2,1,
p_677,2,1,
p_678,2,1,
p_679,2,1,
p_680,2,1,
p_681,2,1,
p_682,2,1,
p_683,2,1,
p_684,2,1,
p_685,2,1,
p_686,2,1,
p_687,2,1,
p_688,2,1,
p_689,2,1,
p_690,2,1,
p_691,2,1,
p_692,2,1,
p_693,2,1,
p_694,2,1,
p_695,2,1,
p_696,2,1,
p_697,2,1,
p_698,2,1,
p_699,2,1,
p_700,2,1,
p_701,2,1,
p_702,2,1,
p_703,2,1,
p_704,2,1,
p_705,2,1,
p_706,2,1,
p_707,2,1,
p_708,2,1,
p_709,2,0,
p_710,2,0,
p_711,2,0,
p_712,2,0,
p_713,2,0,
p_714,2,0,
p_715,2,0,
p_716,2,0,
p_717,2,0,
p_718,2,0,
p_719,2,0,
p_720,2,0,
p_721,2,0,
p_722,2,0,
p_723,2,0,
p_724,2,0,
p_725,2,0,
p_726,2,0,
p_727,2,0,
p_728,2,1,
p_729,2,1,
p_730,2,1,
p_731,2,1,
p_732,2,1,
p_733,2,1,
p_734,2,1,
p_735,2,1,
p_736,2,1,
p_737,2,1,
p_738,2,1,
p_739,2,1,
p_740,2,1,
p_741,2,1,
p_742,2,1,
p_743,2,1,
p_744,2,1,
p_745,2,1,
p_746,2,1,
p_747,2,1,
p_748,2,1,
p_749,2,1,
p_750,2,1,
p_751,2,1,
p_752,2,1,
p_753,2,1,
p_754,2,1,
p_755,2,1,
p_756,2,1,
p_757,2,1,
p_758,2,1,
p_759,2,1,
p_760,2,1,
p_761,2,1,
p_762,2,1,
p_763,2,1,
p_764,2,1,
p_765,2,1,
p_766,2,1,
p_767,2,1,
p_768,2,1,
p_769,2,1,
p_770,2,1,
p_771,2,1,
p_772,2,1,
p_773,2,1,
p_774,2,1,
p_775,2,1,
p_776,2,1,
p_777,2,1,
p_778,2,1,
p_779,2,1,
p_780,2,1,
p_781,2,1,
p_782,2,1,
p_783,2,1,
p_784,2,1,
p_785,2,1,
p_786,2,1,
p_787,2,1,
p_788,2,0,
p_789,2,0,
p_790,2,0,
p_791,2,0,
p_792,2,0,
p_793,2,0,
p_794,2,0,
p_795,2,0,
p_796,2,0,
p_797,2,0,
p_798,2,0,
p_799,2,0,
p_800,2,0,
p_801,2,0,
p_802,2,0,
p_803,2,0,
p_804,2,0,
p_805,2,0,
p_806,2,0,
p_807,2,0,
p_808,2,0,
p_809,2,0,
p_810,2,0,
p_811,2,0,
p_812,2,0,
p_813,2,0,
p_814,2,0,
p_815,2,1,
p_816,2,1,
p_817,2,1,
p_818,2,1,
p_819,2,1,
p_820,2,1,
p_821,2,1,
p_822,2,1,
p_823,2,1,
p_824,2,1,
p_825,2,1,
p_826,2,1,
p_827,2,1,
p_828,2,1,
p_829,2,1,
p_830,2,1,
p_831,2,1,
p_832,2,1,
p_833,2,1,
p_834,2,1,
p_835,2,1,
p_836,2,1,
p_837,2,1,
p_838,2,1,
p_839,2,1,
p_840,2,1,
p_841,2,1,
p_842,2,0,
p_843,2,0,
p_844,2,0,
p_845,2,0,
p_846,2,0,
p_847,2,0,
p_848,2,0,
p_849,2,0,
p_850,2,0,
p_851,2,0,
p_852,2,0,
p_853,2,0,
p_854,2,0,
p_855,2,0,
p_856,2,0,
p_857,2,0,
p_858,2,0,
p_859,2,0,
p_860,2,0,
p_861,2,0,
p_862,2,0,
p_863,2,0,
p_864,2,0,
p_865,2,0,
p_866,2,0,
p_867,2,0,
p_868,2,0,
p_869,2,0,
p_870,2,0,
p_871,2,0,
p_872,2,0,
p_873,2,0,
p_874,2,0,
p_875,2,0,
p_876,2,0,
p_877,2,0,
p_878,2,0,
p_879,2,0,
p_880,2,0,
p_881,2,0,
p_882,2,0,
p_883,2,0,
p_884,2,0,
p_885,2,0,
p_886,2,0,
p_887,2,0,
p_888,2,0,
p_889,2,0,
p_890,2,0,
p_891,2,0,
p_892,2,0,
p_893,2,0,
p_894,2,0,
p_895,2,0,
p_896,2,0,
p_897,2,0,
p_898,2,0,
p_899,2,0,
p_900,2,0,
p_901,2,0,
p_902,2,0,
p_903,2,0,
p_904,2,0,
p_905,2,0,
p_906,2,0,
p_907,2,0,
p_908,2,0,
p_909,2,0,
p_910,2,0,
p_911,2,0,
p_912,2,0,
p_913,2,0,
p_914,2,0,
p_915,2,0,
p_916,2,0,
p_917,2,0,
p_918,2,0,
p_919,2,0,
p_920,2,0,
p_921,2,0,
p_922,2,0,
p_923,2,0,
p_924,2,0,
p_925,2,0,
p_926,2,0,
p_927,2,0,
p_928,2,0,
p_929,2,0,
p_930,2,0,
p_931,2,0,
p_932,2,0,
p_933,2,0,
p_934,2,0,
p_935,2,0,
p_936,2,0,
p_937,2,0,
p_938,2,0,
p_939,2,0,
p_940,2,0,
p_941,2,0,
p_942,2,0,
p_943,2,0,
p_944,2,0,
p_945,2,0,
p_946,2,0,
p_947,2,0,
p_948,2,0,
p_949,2,0,
p_950,2,0,
p_951,2,0,
p_952,2,0,
p_953,2,0,
p_954,2,0,
p_955,2,0,
p_956,2,0,
p_957,2,0,
p_958,2,0,
p_959,2,0,
p_960,2,0,
p_961,2,0,
p_962,2,0,
p_963,2,0,
p_964,2,0,
p_965,2,0,
p_966,2,0,
p_967,2,0,
p_968,2,0,
p_969,2,0,
p_970,2,0,
p_971,2,0,
p_972,2,0,
p_973,2,0,
p_974,2,0,
p_975,2,0,
p_976,2,0,
p_977,2,0,
p_978,2,0,
p_979,2,0,
p_980,2,0,
p_981,2,0,
p_982,2,0,
p_983,2,0,
p_984,2,0,
p_985,2,0,
p_986,2,0,
p_987,2,0,
p_988,2,0,
p_989,2,0,
p_990,2,0,
p_991,2,0,
p_992,2,0,
p_993,2,0,
p_994,2,0,
p_995,2,0,
p_996,2,0,
p_997,2,0,
p_998,2,0,
p_999,2,0,
p_1000,2,0,
p_1001,2,0,
p_1002,2,0,
p_1003,2,0,
p_1004,2,0,
p_1005,2,0,
p_1006,2,0,
p_1007,2,0,
p_1008,2,0,
p_1009,2,0,
p_1010,2,0,
p_1011,2,0,
p_1012,2,0,
p_1013,2,0,
p_1014,2,0,
p_1015,2,0,
p_1016,2,0,
p_1017,2,0,
p_1018,2,0,
p_1019,2,1,
p_1020,2,1,
p_1021,2,1,
p_1022,2,1,
p_1023,2,1,
p_1024,2,1,
p_1025,2,1,
p_1026,2,1,
p_1027,2,1,
p_1028,2,1,
p_1029,2,1,
p_1030,2,1,
p_1031,2,1,
p_1032,2,1,
p_1033,2,1,
p_1034,2,1,
p_1035,2,1,
p_1036,2,1,
p_1037,2,1,
p_1038,2,1,
p_1039,2,1,
p_1040,2,1,
p_1041,2,1,
p_1042,2,1,
p_1043,2,1,
p_1044,2,1,
p_1045,2,1,
p_1046,2,1,
p_1047,2,1,
p_1048,2,1,
p_1049,2,1,
p_1050,2,1,
p_1051,2,1,
p_1052,2,1,
p_1053,2,1,
p_1054,2,1,
p_1055,2,1,
p_1056,2,1,
p_1057,2,1,
p_1058,2,1,
p_1059,2,1,
p_1060,2,1,
p_1061,2,1,
p_1062,2,1,
p_1063,2,1,
p_1064,2,1,
p_1065,2,1,
p_1066,2,1,
p_1067,2,1,
p_1068,2,1,
p_1069,2,1,
p_1070,2,1,
p_1071,2,1,
p_1072,2,1,
p_1073,2,1,
p_1074,2,1,
p_1075,2,1,
p_1076,2,1,
p_1077,2,1,
p_1078,2,1,
p_1079,2,1,
p_1080,2,1,
p_1081,2,1,
p_1082,2,1,
p_1083,2,1,
p_1084,2,1,
p_1085,2,1,
p_1086,2,1,
p_1087,2,1,
p_1088,2,1,
p_1089,2,1,
p_1090,2,1,
p_1091,2,1,
p_1092,2,1,
p_1093,2,1,
p_1094,2,1,
p_1095,2,1,
p_1096,2,1,
p_1097,2,1,
p_1098,2,1,
p_1099,2,1,
p_1100,2,1,
p_1101,2,1,
p_1102,2,1,
p_1103,2,1,
p_1104,2,1,
p_1105,2,1,
p_1106,2,1,
p_1107,2,1,
p_1108,2,1,
p_1109,2,1,
p_1110,2,1,
p_1111,2,1,
p_1112,2,1,
p_1113,2,1,
p_1114,2,1,
p_1115,2,1,
p_1116,2,1,
p_1117,2,1,
p_1118,2,1,
p_1119,2,1,
p_1120,2,1,
p_1121,2,1,
p_1122,2,1,
p_1123,2,1,
p_1124,2,1,
p_1125,2,1,
p_1126,2,1,
p_1127,2,1,
p_1128,2,1,
p_1129,2,1,
p_1130,2,1,
p_1131,2,1,
p_1132,2,1,
p_1133,2,1,
p_1134,2,1,
p_1135,2,1,
p_1136,2,1,
p_1137,2,1,
p_1138,2,1,
p_1139,2,1,
p_1140,2,1,
p_1141,2,1,
p_1142,2,1,
p_1143,2,1,
p_1144,2,1,
p_1145,2,1,
p_1146,2,1,
p_1147,2,1,
p_1148,2,1,
p_1149,2,1,
p_1150,2,1,
p_1151,2,1,
p_1152,2,1,
p_1153,2,0,
p_1154,2,0,
p_1155,2,0,
p_1156,2,0,
p_1157,2,0,
p_1158,2,0,
p_1159,2,0,
p_1160,2,0,
p_1161,2,0,
p_1162,2,0,
p_1163,2,0,
p_1164,2,0,
p_1165,2,0,
p_1166,2,0,
p_1167,2,0,
p_1168,2,0,
p_1169,2,0,
p_1170,2,0,
p_1171,2,0,
p_1172,2,0,
p_1173,2,0,
p_1174,2,0,
p_1175,2,0,
p_1176,2,0,
p_1177,2,0,
p_1178,2,0,
p_1179,2,0,
p_1180,2,0,
p_1181,2,0,
p_1182,2,0,
p_1183,2,0,
p_1184,2,0,
p_1185,2,0,
p_1186,2,0,
p_1187,2,0,
p_1188,2,0,
p_1189,2,0,
p_1190,2,0,
p_1191,2,0,
p_1192,2,0,
p_1193,2,0,
p_1194,2,0,
p_1195,2,0,
p_1196,2,0,
p_1197,2,0,
p_1198,2,0,
p_1199,2,0,
p_1200,2,0,
p_1201,2,0,
p_1202,2,0,
p_1203,2,0,
p_1204,2,0,
p_1205,2,0,
p_1206,2,0,
p_1207,2,0,
p_1208,2,0,
p_1209,2,0,
p_1210,2,0,
p_1211,2,0,
p_1212,2,0,
p_1213,2,0,
p_1214,2,0,
p_1215,2,0,
p_1216,2,0,
p_1217,2,0,
p_1218,2,0,
p_1219,2,0,
p_1220,2,0,
p_1221,2,0,
p_1222,2,0,
p_1223,2,0,
p_1224,2,0,
p_1225,2,0,
p_1226,2,0,
p_1227,2,0,
p_1228,2,0,
p_1229,2,0,
p_1230,2,0,
p_1231,2,0,
p_1232,2,0,
p_1233,2,0,
p_1234,2,0,
p_1235,2,1,
p_1236,2,1,
p_1237,2,1,
p_1238,2,1,
p_1239,2,1,
p_1240,2,1,
p_1241,2,1,
p_1242,2,1,
p_1243,2,1,
p_1244,2,1,
p_1245,2,1,
p_1246,2,1,
p_1247,2,1,
p_1248,2,1,
p_1249,2,1,
p_1250,2,1,
p_1251,2,1,
p_1252,2,1,
p_1253,2,1,
p_1254,2,1,
p_1255,2,1,
p_1256,2,1,
p_1257,2,1,
p_1258,2,1,
p_1259,2,1,
p_1260,2,1,
p_1261,2,1,
p_1262,2,1,
p_1263,2,1,
p_1264,2,1,
p_1265,2,1,
p_1266,2,1,
p_1267,2,1,
p_1268,2,1,
p_1269,2,1,
p_1270,2,1,
p_1271,2,1,
p_1272,2,1,
p_1273,2,1,
p_1274,2,1,
p_1275,2,1,
p_1276,2,1,
p_1277,2,1,
p_1278,2,1,
p_1279,2,1,
p_1280,2,1,
p_1281,2,1,
p_1282,2,1,
p_1283,2,1,
p_1284,2,1,
p_1285,2,1,
p_1286,2,1,
p_1287,2,1,
p_1288,2,1,
p_1289,2,1,
p_1290,2,1,
p_1291,2,1,
p_1292,2,1,
p_1293,2,1,
p_1294,2,1,
p_1295,2,1,
p_1296,2,1,
p_1297,2,1,
p_1298,2,1,
p_1299,2,1,
p_1300,2,1,
p_1301,2,1,
p_1302,2,1,
p_1303,2,1,
p_1304,2,1,
p_1305,2,1,
p_1306,2,1,
p_1307,2,1,
p_1308,2,1,
p_1309,2,1,
p_1310,2,1,
p_1311,2,1,
p_1312,2,1,
p_1313,2,1,
p_1314,2,1,
p_1315,2,1,
p_1316,2,1,
p_1317,2,1,
p_1318,2,1,
p_1319,2,1,
p_1320,2,1,
p_1321,2,1,
p_1322,2,1,
p_1323,2,1,
p_1324,2,1,
p_1325,2,1,
p_1326,2,1,
p_1327,2,1,
p_1328,2,0,
p_1329,2,0,
p_1330,2,0,
p_1331,2,0,
p_1332,2,0,
p_1333,2,0,
p_1334,2,0,
p_1335,2,0,
p_1336,2,0,
p_1337,2,0,
p_1338,2,0,
p_1339,2,0,
p_1340,2,0,
p_1341,2,0,
p_1342,2,0,
p_1343,2,0,
p_1344,2,0,
p_1345,2,0,
p_1346,2,0,
p_1347,2,0,
p_1348,2,0,
p_1349,2,0,
p_1350,2,0,
p_1351,2,0,
p_1352,2,0,
p_1353,2,0,
p_1354,2,0,
p_1355,2,0,
p_1356,2,0,
p_1357,2,0,
p_1358,2,0,
p_1359,2,0,
p_1360,2,0,
p_1361,2,0,
p_1362,2,0,
p_1363,2,0,
p_1364,2,0,
p_1365,2,0,
p_1366,2,0,
p_1367,2,0,
p_1368,2,0,
p_1369,2,0,
p_1370,2,0,
p_1371,2,0,
p_1372,2,0,
p_1373,2,0,
p_1374,2,0,
p_1375,2,0,
p_1376,2,0,
p_1377,2,0,
p_1378,2,0,
p_1379,2,0,
p_1380,2,0,
p_1381,2,0,
p_1382,2,0,
p_1383,2,0,
p_1384,2,0,
p_1385,2,0,
p_1386,2,0,
p_1387,2,0,
p_1388,2,0,
p_1389,2,0,
p_1390,2,0,
p_1391,2,0,
p_1392,2,0,
p_1393,2,0,
p_1394,2,0,
p_1395,2,0,
p_1396,2,0,
p_1397,2,0,
p_1398,2,0,
p_1399,2,0,
p_1400,2,0,
p_1401,2,0,
p_1402,2,0,
p_1403,2,0,
p_1404,2,0,
p_1405,2,0,
p_1406,2,0,
p_1407,2,0,
p_1408,2,0,
p_1409,2,0,
p_1410,2,0,
p_1411,2,0,
p_1412,2,0,
p_1413,2,0,
p_1414,2,0,
p_1415,2,0,
p_1416,2,0,
p_1417,2,0,
p_1418,2,0,
p_1419,2,0,
p_1420,2,0,
p_1421,2,0,
p_1422,2,0,
p_1423,2,0,
p_1424,2,0,
p_1425,2,0,
p_1426,2,0,
p_1427,2,0,
p_1428,2,0,
p_1429,2,0,
p_1430,2,0,
p_1431,2,0,
p_1432,2,0,
p_1433,2,0,
p_1434,2,0,
p_1435,2,0,
p_1436,2,0,
p_1437,2,0,
p_1438,2,0,
p_1439,2,0,
p_1440,2,0,
p_1441,2,0,
p_1442,2,0,
p_1443,2,0,
p_1444,2,0,
p_1445,2,0,
p_1446,2,0,
p_1447,2,0,
p_1448,2,0,
p_1449,2,0,
p_1450,2,0,
p_1451,2,0,
p_1452,2,0,
p_1453,2,0,
p_1454,2,0,
p_1455,2,1,
p_1456,2,1,
p_1457,2,1,
p_1458,2,1,
p_1459,2,1,
p_1460,2,1,
p_1461,2,1,
p_1462,2,1,
p_1463,2,1,
p_1464,2,1,
p_1465,2,1,
p_1466,2,1,
p_1467,2,1,
p_1468,2,1,
p_1469,2,1,
p_1470,2,1,
p_1471,2,1,
p_1472,2,1,
p_1473,2,1,
p_1474,2,1,
p_1475,2,1,
p_1476,2,1,
p_1477,2,1,
p_1478,2,1,
p_1479,2,1,
p_1480,2,1,
p_1481,2,1,
p_1482,2,1,
p_1483,2,1,
p_1484,2,1,
p_1485,2,1,
p_1486,2,1,
p_1487,2,1,
p_1488,2,1,
p_1489,2,1,
p_1490,2,1,
p_1491,2,1,
p_1492,2,1,
p_1493,2,1,
p_1494,2,1,
p_1495,2,1,
p_1496,2,1,
p_1497,2,1,
p_1498,2,1,
p_1499,2,1,
p_1500,2,1,
p_1501,2,1,
p_1502,2,1,
p_1503,2,1,
p_1504,2,1,
p_1505,2,1,
p_1506,2,1,
p_1507,2,1,
p_1508,2,1,
p_1509,2,1,
p_1510,2,1,
p_1511,2,1,
p_1512,2,1,
p_1513,2,1,
p_1514,2,1,
p_1515,2,1,
p_1516,2,1,
p_1517,2,1,
p_1518,2,1,
p_1519,2,1,
p_1520,2,1,
p_1521,2,1,
p_1522,2,1,
p_1523,2,1,
p_1524,2,1,
p_1525,2,1,
p_1526,2,1,
p_1527,2,1,
p_1528,2,1,
p_1529,2,1,
p_1530,2,1,
p_1531,2,1,
p_1532,2,1,
p_1533,2,1,
p_1534,2,1,
p_1535,2,1,
p_1536,2,1,
p_1537,2,1,
p_1538,2,1,
p_1539,2,1,
p_1540,2,1,
p_1541,2,1,
p_1542,2,1,
p_1543,2,1,
p_1544,2,1,
p_1545,2,1,
p_1546,2,1,
p_1547,2,1,
p_1548,2,1,
p_1549,2,1,
p_1550,2,1,
p_1551,2,1,
p_1552,2,1,
p_1553,2,1,
p_1554,2,1,
p_1555,2,1,
p_1556,2,1,
p_1557,2,1,
p_1558,2,1,
p_1559,2,1,
p_1560,2,1,
p_1561,2,1,
p_1562,2,1,
p_1563,2,1,
p_1564,2,1,
p_1565,2,1,
p_1566,2,1,
p_1567,2,1,
p_1568,2,1,
p_1569,2,1,
p_1570,2,1,
p_1571,2,1,
p_1572,2,1,
p_1573,2,1,
p_1574,2,1,
p_1575,2,1,
p_1576,2,1,
p_1577,2,1,
p_1578,2,1,
p_1579,2,1,
p_1580,2,1,
p_1581,2,1,
p_1582,2,1,
p_1583,2,1,
p_1584,2,1,
p_1585,2,0,
p_1586,2,0,
p_1587,2,0,
p_1588,2,1,
p_1589,2,1,
p_1590,2,1,
p_1591,2,1,
p_1592,2,1,
p_1593,2,1,
p_1594,2,1,
p_1595,2,1,
p_1596,2,1,
p_1597,2,1,
p_1598,2,1,
p_1599,2,1,
p_1600,2,1,
p_1601,2,1,
p_1602,2,1,
p_1603,2,1,
p_1604,2,1,
p_1605,2,1,
p_1606,2,1,
p_1607,2,1,
p_1608,2,1,
p_1609,2,1,
p_1610,2,1,
p_1611,2,1,
p_1612,2,1,
p_1613,2,1,
p_1614,2,1,
p_1615,2,1,
p_1616,2,0,
p_1617,2,0,
p_1618,2,0,
p_1619,2,0,
p_1620,2,0,
p_1621,2,0,
p_1622,2,0,
p_1623,2,0,
p_1624,2,0,
p_1625,2,0,
p_1626,2,0,
p_1627,2,0,
p_1628,2,0,
p_1629,2,0,
p_1630,2,0,
p_1631,2,0,
p_1632,2,0,
p_1633,2,0,
p_1634,2,0,
p_1635,2,0,
p_1636,2,0,
p_1637,2,0,
p_1638,2,0,
p_1639,2,0,
p_1640,2,0,
p_1641,2,0,
p_1642,2,0,
p_1643,2,0,
p_1644,2,0,
p_1645,2,0,
p_1646,2,0,
p_1647,2,0,
p_1648,2,0,
p_1649,2,0,
p_1650,2,0,
p_1651,2,0,
p_1652,2,0,
p_1653,2,0,
p_1654,2,0,
p_1655,2,0,
p_1656,2,0,
p_1657,2,0,
p_1658,2,0,
p_1659,2,0,
p_1660,2,0,
p_1661,2,0,
p_1662,2,0,
p_1663,2,0,
p_1664,2,0,
p_1665,2,0,
p_1666,2,0,
p_1667,2,0,
p_1668,2,0,
p_1669,2,0,
p_1670,2,0,
p_1671,2,0,
p_1672,2,0,
p_1673,2,0,
p_1674,2,0,
p_1675,2,0,
p_1676,2,0,
p_1677,2,0,
p_1678,2,0,
p_1679,2,0,
p_1680,2,0,
p_1681,2,0,
p_1682,2,0,
p_1683,2,0,
p_1684,2,0,
p_1685,2,0,
p_1686,2,0,
p_1687,2,1,
p_1688,2,1,
p_1689,2,1,
p_1690,2,1,
p_1691,2,1,
p_1692,2,1,
p_1693,2,1,
p_1694,2,1,
p_1695,2,1,
p_1696,2,1,
p_1697,2,1,
p_1698,2,1,
p_1699,2,1,
p_1700,2,1,
p_1701,2,1,
p_1702,2,1,
p_1703,2,1,
p_1704,2,1,
p_1705,2,1,
p_1706,2,1,
p_1707,2,1,
p_1708,2,1,
p_1709,2,1,
p_1710,2,1,
p_1711,2,1,
p_1712,2,1,
p_1713,2,1,
p_1714,2,1,
p_1715,2,1,
p_1716,2,1,
p_1717,2,1,
p_1718,2,1,
p_1719,2,1,
p_1720,2,1,
p_1721,2,1,
p_1722,2,1,
p_1723,2,1,
p_1724,2,1,
p_1725,2,1,
p_1726,2,1,
p_1727,2,1,
p_1728,2,1,
p_1729,2,1,
p_1730,2,1,
p_1731,2,1,
p_1732,2,1,
p_1733,2,1,
p_1734,2,1,
p_1735,2,1,
p_1736,2,1,
p_1737,2,1,
p_1738,2,1,
p_1739,2,1,
p_1740,2,1,
p_1741,2,1,
p_1742,2,1,
p_1743,2,1,
p_1744,2,1,
p_1745,2,1,
p_1746,2,1,
p_1747,2,1,
p_1748,2,1,
p_1749,2,1,
p_1750,2,1,
p_1751,2,1,
p_1752,2,1,
p_1753,2,1,
p_1754,2,1,
p_1755,2,1,
p_1756,2,1,
p_1757,2,1,
p_1758,2,0,
p_1759,2,0,
p_1760,2,0,
p_1761,2,0,
p_1762,2,0,
p_1763,2,0,
p_1764,2,0,
p_1765,2,0,
p_1766,2,0,
p_1767,2,0,
p_1768,2,0,
p_1769,2,0,
p_1770,2,0,
p_1771,2,0,
p_1772,2,0,
p_1773,2,0,
p_1774,2,0,
p_1775,2,0,
p_1776,2,0,
p_1777,2,0,
p_1778,2,0,
p_1779,2,0,
p_1780,2,0,
p_1781,2,0,
p_1782,2,0,
p_1783,2,0,
p_1784,2,0,
p_1785,2,0,
p_1786,2,1,
p_1787,2,1,
p_1788,2,1,
p_1789,2,1,
p_1790,2,1,
p_1791,2,1,
p_1792,2,1,
p_1793,2,1,
p_1794,2,1,
p_1795,2,1,
p_1796,2,1,
p_1797,2,1,
p_1798,2,1,
p_1799,2,1,
p_1800,2,1,
p_1801,2,1,
p_1802,2,1,
p_1803,2,1,
p_1804,2,1,
p_1805,2,1,
p_1806,2,1,
p_1807,2,1,
p_1808,2,1,
p_1809,2,1,
p_1810,2,1,
p_1811,2,1,
p_1812,2,1,
p_1813,2,1,
p_1814,2,1,
p_1815,2,1,
p_1816,2,1,
p_1817,2,1,
p_1818,2,1,
p_1819,2,1,
p_1820,2,1,
p_1821,2,1,
p_1822,2,1,
p_1823,2,1,
p_1824,2,1,
p_1825,2,1,
p_1826,2,1,
p_1827,2,1,
p_1828,2,1,
p_1829,2,1,
p_1830,2,1,
p_1831,2,1,
p_1832,2,1,
p_1833,2,1,
p_1834,2,1,
p_1835,2,1,
p_1836,2,1,
p_1837,2,1,
p_1838,2,0,
p_1839,2,0,
p_1840,2,0,
p_1841,2,0,
p_1842,2,0,
p_1843,2,0,
p_1844,2,0,
p_1845,2,0,
p_1846,2,0,
p_1847,2,0,
p_1848,2,0,
p_1849,2,0,
p_1850,2,0,
p_1851,2,0,
p_1852,2,0,
p_1853,2,0,
p_1854,2,0,
p_1855,2,0,
p_1856,2,0,
p_1857,2,0,
p_1858,2,0,
p_1859,2,0,
p_1860,2,0,
p_1861,2,0,
p_1862,2,0,
p_1863,2,0,
p_1864,2,0,
p_1865,2,0,
p_1866,2,0,
p_1867,2,0,
p_1868,2,0,
p_1869,2,0,
p_1870,2,0,
p_1871,2,0,
p_1872,2,0,
p_1873,2,0,
p_1874,2,0,
p_1875,2,0,
p_1876,2,0,
p_1877,2,0,
p_1878,2,0,
p_1879,2,0,
p_1880,2,1,
p_1881,2,1,
p_1882,2,1,
p_1883,2,1,
p_1884,2,1,
p_1885,2,1,
p_1886,2,1,
p_1887,2,1,
p_1888,2,1,
p_1889,2,1,
p_1890,2,1,
p_1891,2,1,
p_1892,2,1,
p_1893,2,1,
p_1894,2,1,
p_1895,2,1,
p_1896,2,1,
p_1897,2,1,
p_1898,2,1,
p_1899,2,1,
p_1900,2,1,
p_1901,2,1,
p_1902,2,1,
p_1903,2,1,
p_1904,2,1,
p_1905,2,1,
p_1906,2,1,
p_1907,2,1,
p_1908,2,1,
p_1909,2,1,
p_1910,2,1,
p_1911,2,1,
p_1912,2,1,
p_1913,2,1,
p_1914,2,1,
p_1915,2,1,
p_1916,2,1,
p_1917,2,1,
p_1918,2,1,
p_1919,2,1,
p_1920,2,1,
p_1921,2,1,
p_1922,2,1,
p_1923,2,1,
p_1924,2,1,
p_1925,2,1,
p_1926,2,1,
p_1927,2,1,
p_1928,2,1,
p_1929,2,1,
p_1930,2,1,
p_1931,2,1,
p_1932,2,1,
p_1933,2,1,
p_1934,2,1,
p_1935,2,1,
p_1936,2,1,
p_1937,2,1,
p_1938,2,1,
p_1939,2,1,
p_1940,2,1,
p_1941,2,1,
p_1942,2,1,
p_1943,2,1,
p_1944,2,1,
p_1945,2,1,
p_1946,2,1,
p_1947,2,1,
p_1948,2,1,
p_1949,2,1,
p_1950,2,1,
p_1951,2,1,
p_1952,2,1,
p_1953,2,1,
p_1954,2,1,
p_1955,2,1,
p_1956,2,1,
p_1957,2,1,
p_1958,2,1,
p_1959,2,1,
p_1960,2,1,
p_1961,2,1,
p_1962,2,1,
p_1963,2,1,
p_1964,2,1,
p_1965,2,0,
p_1966,2,0,
p_1967,2,0,
p_1968,2,0,
p_1969,2,0,
p_1970,2,0,
p_1971,2,0,
p_1972,2,0,
p_1973,2,0,
p_1974,2,0,
p_1975,2,0,
p_1976,2,0,
p_1977,2,0,
p_1978,2,0,
p_1979,2,0,
p_1980,2,0,
p_1981,2,0,
p_1982,2,0,
p_1983,2,0,
p_1984,2,0,
p_1985,2,0,
p_1986,2,0,
p_1987,2,0,
p_1988,2,0,
p_1989,2,0,
p_1990,2,0,
p_1991,2,0,
p_1992,2,0,
p_1993,2,0,
p_1994,2,0,
p_1995,2,0,
p_1996,2,0,
p_1997,2,0,
p_1998,2,0,
p_1999,2,0,
p_2000,2,0,
p_2001,2,0,
p_2002,2,0,
p_2003,2,0,
p_2004,2,0,
p_2005,2,0,
p_2006,2,0,
p_2007,2,0,
p_2008,2,0,
p_2009,2,0,
p_2010,2,0,
p_2011,2,0,
p_2012,2,0,
p_2013,2,0,
p_2014,2,0,
p_2015,2,0,
p_2016,2,0,
p_2017,2,0,
p_2018,2,0,
p_2019,2,0,
p_2020,2,0,
p_2021,2,0,
p_2022,2,0,
p_2023,2,0,
p_2024,2,0,
p_2025,2,0,
p_2026,2,0,
p_2027,2,0,
p_2028,2,0,
p_2029,2,0,
p_2030,2,0,
p_2031,2,0,
p_2032,2,0,
p_2033,2,0,
p_2034,2,0,
p_2035,2,0,
p_2036,2,0,
p_2037,2,0,
p_2038,2,0,
p_2039,2,0,
p_2040,2,0,
p_2041,2,0,
p_2042,2,0,
p_2043,2,0,
p_2044,2,0,
p_2045,2,0,
p_2046,2,0,
p_2047,2,0,
p_2048,2,0,
p_2049,2,0,
p_2050,2,0,
p_2051,2,0,
p_2052,2,0,
p_2053,2,0,
p_2054,2,0,
p_2055,2,0,
p_2056,2,0,
p_2057,2,0,
p_2058,2,0,
p_2059,2,0,
p_2060,2,0,
p_2061,2,0,
p_2062,2,0,
p_2063,2,0,
p_2064,2,0,
p_2065,2,0,
p_2066,2,0,
p_2067,2,0,
p_2068,2,0,
p_2069,2,0,
p_2070,2,0,
p_2071,2,0,
p_2072,2,0,
p_2073,2,0,
p_2074,2,0,
p_2075,2,0,
p_2076,2,0,
p_2077,2,0,
p_2078,2,0,
p_2079,2,0,
p_2080,2,0,
p_2081,2,0,
p_2082,2,0,
p_2083,2,0,
p_2084,2,0,
p_2085,2,0,
p_2086,2,0,
p_2087,2,0,
p_2088,2,0,
p_2089,2,0,
p_2090,2,0,
p_2091,2,0,
p_2092,2,0,
p_2093,2,0,
p_2094,2,0,
p_2095,2,0,
p_2096,2,0,
p_2097,2,0,
p_2098,2,0,
p_2099,2,0,
p_2100,2,1,
p_2101,2,1,
p_2102,2,1,
p_2103,2,1,
p_2104,2,1,
p_2105,2,1,
p_2106,2,1,
p_2107,2,1,
p_2108,2,1,
p_2109,2,1,
p_2110,2,1,
p_2111,2,1,
p_2112,2,1,
p_2113,2,1,
p_2114,2,1,
p_2115,2,1,
p_2116,2,1,
p_2117,2,1,
p_2118,2,1,
p_2119,2,1,
p_2120,2,1,
p_2121,2,1,
p_2122,2,1,
p_2123,2,1,
p_2124,2,1,
p_2125,2,1,
p_2126,2,1,
p_2127,2,1,
p_2128,2,1,
p_2129,2,1,
p_2130,2,1,
p_2131,2,1,
p_2132,2,1,
p_2133,2,1,
p_2134,2,1,
p_2135,2,1,
p_2136,2,1,
p_2137,2,1,
p_2138,2,1,
p_2139,2,1,
p_2140,2,1,
p_2141,2,1,
p_2142,2,1,
p_2143,2,1,
p_2144,2,1,
p_2145,2,1,
p_2146,2,1,
p_2147,2,1,
p_2148,2,1,
p_2149,2,1,
p_2150,2,1,
p_2151,2,1,
p_2152,2,1,
p_2153,2,1,
p_2154,2,1,
p_2155,2,1,
p_2156,2,1,
p_2157,2,1,
p_2158,2,1,
p_2159,2,1,
p_2160,2,1,
p_2161,2,1,
p_2162,2,1,
p_2163,2,1,
p_2164,2,1,
p_2165,2,1,
p_2166,2,1,
p_2167,2,1,
p_2168,2,1,
p_2169,2,1,
p_2170,2,1,
p_2171,2,1,
p_2172,2,1,
p_2173,2,1,
p_2174,2,1,
p_2175,2,1,
p_2176,2,1,
p_2177,2,1,
p_2178,2,1,
p_2179,2,1,
p_2180,2,1,
p_2181,2,1,
p_2182,2,1,
p_2183,2,1,
p_2184,2,1,
p_2185,2,1,
p_2186,2,1,
p_2187,2,1,
p_2188,2,1,
p_2189,2,1,
p_2190,2,1,
p_2191,2,0,
p_2192,2,0,
p_2193,2,0,
p_2194,2,0,
p_2195,2,0,
p_2196,2,0,
p_2197,2,0,
p_2198,2,0,
p_2199,2,0,
p_2200,2,0,
p_2201,2,0,
p_2202,2,0,
p_2203,2,0,
p_2204,2,0,
p_2205,2,0,
p_2206,2,0,
p_2207,2,0,
p_2208,2,0,
p_2209,2,0,
p_2210,2,0,
p_2211,2,0,
p_2212,2,0,
p_2213,2,0,
p_2214,2,0,
p_2215,2,0,
p_2216,2,0,
p_2217,2,0,
p_2218,2,0,
p_2219,2,0,
p_2220,2,0,
p_2221,2,0,
p_2222,2,0,
p_2223,2,0,
p_2224,2,0,
p_2225,2,0,
p_2226,2,0,
p_2227,2,0,
p_2228,2,0,
p_2229,2,0,
p_2230,2,0,
p_2231,2,0,
p_2232,2,0,
p_2233,2,0,
p_2234,2,0,
p_2235,2,0,
p_2236,2,0,
p_2237,2,0,
p_2238,2,0,
p_2239,2,0,
p_2240,2,0,
p_2241,2,0,
p_2242,2,0,
p_2243,2,0,
p_2244,2,0,
p_2245,2,0,
p_2246,2,0,
p_2247,2,0,
p_2248,2,0,
p_2249,2,0,
p_2250,2,0,
p_2251,2,0,
p_2252,2,0,
p_2253,2,0,
p_2254,2,0,
p_2255,2,0,
p_2256,2,0,
p_2257,2,0,
p_2258,2,0,
p_2259,2,0,
p_2260,2,0,
p_2261,2,0,
p_2262,2,0,
p_2263,2,0,
p_2264,2,0,
p_2265,2,0,
p_2266,2,0,
p_2267,2,0,
p_2268,2,0,
p_2269,2,0,
p_2270,2,0,
p_2271,2,0,
p_2272,2,0,
p_2273,2,0,
p_2274,2,0,
p_2275,2,0,
p_2276,2,0,
p_2277,2,0,
p_2278,2,0,
p_2279,2,0,
p_2280,2,0,
p_2281,2,1,
p_2282,2,1,
p_2283,2,1,
p_2284,2,1,
p_2285,2,1,
p_2286,2,1,
p_2287,2,1,
p_2288,2,1,
p_2289,2,1,
p_2290,2,1,
p_2291,2,1,
p_2292,2,1,
p_2293,2,1,
p_2294,2,1,
p_2295,2,1,
p_2296,2,1,
p_2297,2,1,
p_2298,2,1,
p_2299,2,1,
p_2300,2,1,
p_2301,2,1,
p_2302,2,1,
p_2303,2,1,
p_2304,2,1,
p_2305,2,1,
p_2306,2,1,
p_2307,2,1,
p_2308,2,1,
p_2309,2,1,
p_2310,2,1,
p_2311,2,1,
p_2312,2,1,
p_2313,2,1,
p_2314,2,1,
p_2315,2,1,
p_2316,2,1,
p_2317,2,1,
p_2318,2,1,
p_2319,2,1,
p_2320,2,1,
p_2321,2,1,
p_2322,2,1,
p_2323,2,1,
p_2324,2,1,
p_2325,2,1,
p_2326,2,1,
p_2327,2,1,
p_2328,2,1,
p_2329,2,1,
p_2330,2,1,
p_2331,2,1,
p_2332,2,1,
p_2333,2,1,
p_2334,2,1,
p_2335,2,1,
p_2336,2,1,
p_2337,2,1,
p_2338,2,1,
p_2339,2,1,
p_2340,2,1,
p_2341,2,1,
p_2342,2,0,
p_2343,2,0,
p_2344,2,0,
p_2345,2,0,
p_2346,2,0,
p_2347,2,0,
p_2348,2,0,
p_2349,2,0,
p_2350,2,0,
p_2351,2,0,
p_2352,2,0,
p_2353,2,0,
p_2354,2,0,
p_2355,2,0,
p_2356,2,0,
p_2357,2,0,
p_2358,2,0,
p_2359,2,0,
p_2360,2,0,
p_2361,2,0,
p_2362,2,0,
p_2363,2,0,
p_2364,2,0,
p_2365,2,0,
p_2366,2,0,
p_2367,2,0,
p_2368,2,0,
p_2369,2,0,
p_2370,2,0,
p_2371,2,0,
p_2372,2,0,
p_2373,2,0,
p_2374,2,0,
p_2375,2,0,
p_2376,2,0,
p_2377,2,0,
p_2378,2,0,
p_2379,2,0,
p_2380,2,0,
p_2381,2,0,
p_2382,2,0,
p_2383,2,0,
p_2384,2,0,
p_2385,2,0,
p_2386,2,0,
p_2387,2,0,
p_2388,2,0,
p_2389,2,0,
p_2390,2,0,
p_2391,2,0,
p_2392,2,0,
p_2393,2,0,
p_2394,2,0,
p_2395,2,0,
p_2396,2,0,
p_2397,2,0,
p_2398,2,0,
p_2399,2,0,
p_2400,2,0,
p_2401,2,0,
p_2402,2,0,
p_2403,2,0,
p_2404,2,0,
p_2405,2,1,
p_2406,2,1,
p_2407,2,1,
p_2408,2,1,
p_2409,2,1,
p_2410,2,1,
p_2411,2,1,
p_2412,2,1,
p_2413,2,1,
p_2414,2,1,
p_2415,2,1,
p_2416,2,1,
p_2417,2,1,
p_2418,2,1,
p_2419,2,1,
p_2420,2,1,
p_2421,2,1,
p_2422,2,1,
p_2423,2,1,
p_2424,2,1,
p_2425,2,1,
p_2426,2,1,
p_2427,2,1,
p_2428,2,1,
p_2429,2,1,
p_2430,2,1,
p_2431,2,1,
p_2432,2,1,
p_2433,2,1,
p_2434,2,1,
p_2435,2,1,
p_2436,2,1,
p_2437,2,1,
p_2438,2,1,
p_2439,2,1,
p_2440,2,1,
p_2441,2,1,
p_2442,2,1,
p_2443,2,1,
p_2444,2,1,
p_2445,2,1,
p_2446,2,1,
p_2447,2,1,
p_2448,2,1,
p_2449,2,1,
p_2450,2,1,
p_2451,2,1,
p_2452,2,1,
p_2453,2,1,
p_2454,2,1,
p_2455,2,1,
p_2456,2,1,
p_2457,2,1,
p_2458,2,1,
p_2459,2,1,
p_2460,2,1,
p_2461,2,1,
p_2462,2,1,
p_2463,2,1,
p_2464,2,1,
p_2465,2,1,
p_2466,2,1,
p_2467,2,1,
p_2468,2,1,
p_2469,2,1,
p_2470,2,0,
p_2471,2,0,
p_2472,2,0,
p_2473,2,0,
p_2474,2,0,
p_2475,2,0,
p_2476,2,0,
p_2477,2,0,
p_2478,2,0,
p_2479,2,0,
p_2480,2,0,
p_2481,2,0,
p_2482,2,0,
p_2483,2,0,
p_2484,2,0,
p_2485,2,0,
p_2486,2,0,
p_2487,2,0,
p_2488,2,0,
p_2489,2,0,
p_2490,2,0,
p_2491,2,0,
p_2492,2,0,
p_2493,2,0,
p_2494,2,0,
p_2495,2,0,
p_2496,2,0,
p_2497,2,0,
p_2498,2,0,
p_2499,2,0,
p_2500,2,0,
p_2501,2,0,
p_2502,2,0,
p_2503,2,0,
p_2504,2,0,
p_2505,2,0,
p_2506,2,0,
p_2507,2,0,
p_2508,2,0,
p_2509,2,0,
p_2510,2,0,
p_2511,2,0,
p_2512,2,0,
p_2513,2,0,
p_2514,2,0,
p_2515,2,0,
p_2516,2,0,
p_2517,2,0,
p_2518,2,0,
p_2519,2,0,
p_2520,2,0,
p_2521,2,0,
p_2522,2,0,
p_2523,2,0,
p_2524,2,0,
p_2525,2,0,
p_2526,2,1,
p_2527,2,1,
p_2528,2,1,
p_2529,2,1,
p_2530,2,1,
p_2531,2,1,
p_2532,2,1,
p_2533,2,1,
p_2534,2,0,
p_2535,2,0,
p_2536,2,0,
p_2537,2,0,
p_2538,2,0,
p_2539,2,0,
p_2540,2,0,
p_2541,2,0,
p_2542,2,0,
p_2543,2,0,
p_2544,2,0,
p_2545,2,0,
p_2546,2,0,
p_2547,2,0,
p_2548,2,0,
p_2549,2,0,
p_2550,2,0,
p_2551,2,0,
p_2552,2,0,
p_2553,2,0,
p_2554,2,0,
p_2555,2,0,
p_2556,2,0,
p_2557,2,0,
p_2558,2,0,
p_2559,2,0,
p_2560,2,0,
p_2561,2,0,
p_2562,2,0,
p_2563,2,0,
p_2564,2,0,
p_2565,2,0,
p_2566,2,0,
p_2567,2,0,
p_2568,2,0,
p_2569,2,0,
