ID,Target
ID_5EGLKX,Low
ID_4AI7RE,Low
ID_V9OB3M,Low
ID_6OI9DI,Low
ID_H2TN8B,Low
ID_U8T7ZQ,Low
ID_QQJ3A1,Low
ID_F5S4JD,Low
ID_CY2C11,Low
ID_63XVFI,Low
ID_XAJI0Y,Low
ID_KX0JJU,Low
ID_795C4K,Low
ID_6763V1,Low
ID_7NXNW3,Low
ID_9AZ3CE,Low
ID_SBKP1L,Low
ID_OC8D6J,Low
ID_2073O9,Low
ID_IOGXPB,Low
ID_OCHSXC,Low
ID_HOCG2K,Low
ID_R2DHYL,Low
ID_67P7Q4,Low
ID_6GA2SD,Low
ID_0E1JJD,Low
ID_QF3ADT,Low
ID_WU1R0D,Low
ID_8KGFP9,Low
ID_1HXRIB,Low
ID_27LIH6,Low
ID_D0LQ1M,Low
ID_EK2GPM,Low
ID_SJB4LV,Low
ID_H0G0XQ,Low
ID_3W95CH,Low
ID_0T1510,Low
ID_49EC54,Low
ID_7M1NDR,Low
ID_DBFXA2,Low
ID_0PEQLV,Low
ID_DKV54C,Low
ID_K7AYLP,Low
ID_9XZ73Q,Low
ID_XZQFS3,Low
ID_ATH9KP,Low
ID_MVIHCW,Low
ID_2SKE1A,Low
ID_OLOLN3,Low
ID_UIAJQB,Low
ID_4C8J6E,Low
ID_MP050O,Low
ID_53QE5E,Low
ID_UL6ULM,Low
ID_1R35G2,Low
ID_BGDICO,Low
ID_DEMM0U,Low
ID_WGIYQK,Low
ID_L0YQZD,Low
ID_WS3KCV,Low
ID_FDW79W,Low
ID_JG3YTI,Low
ID_JLYS7J,Low
ID_3A8V4X,Low
ID_0GDRRA,Low
ID_QZTGBC,Low
ID_TVOIWA,Low
ID_C15DI4,Low
ID_QLQ1WM,Low
ID_HCG7FD,Low
ID_FEUB4O,Low
ID_VYWAPK,Low
ID_GSQOF3,Low
ID_2X37B9,Low
ID_BF1IIN,Low
ID_PB01QC,Low
ID_FORPOK,Low
ID_EVMY1Q,Low
ID_1LQXT2,Low
ID_XPOUV7,Low
ID_USX9DX,Low
ID_XXX1GJ,Low
ID_G7QSOD,Low
ID_5CKMTB,Low
ID_G1C3R5,Low
ID_JA1V2T,Low
ID_3V1UZV,Low
ID_LN1B5O,Low
ID_RGYGO2,Low
ID_15S74N,Low
ID_8TL777,Low
ID_DO0FK4,Low
ID_BY7UXU,Low
ID_FHAZMI,Low
ID_36EPCE,Low
ID_YRJFVO,Low
ID_9179B9,Low
ID_EYKC2M,Low
ID_HH7MC7,Low
ID_6K18JQ,Low
ID_MPA7DZ,Low
ID_O5NMXA,Low
ID_784KON,Low
ID_HK6HMR,Low
ID_N1U349,Low
ID_PLYO0S,Low
ID_XP0UO7,Low
ID_241UWN,Low
ID_TDHDX1,Low
ID_INRJOH,Low
ID_AUD9K9,Low
ID_6VK0UC,Low
ID_CS1OZF,Low
ID_ZX0W4T,Low
ID_XLAA6U,Low
ID_ZAUGTT,Low
ID_RRBSZU,Low
ID_YBESIR,Low
ID_B31P35,Low
ID_6IH10E,Low
ID_F51XFA,Low
ID_T2ER1C,Low
ID_NS0GNH,Low
ID_9LF2OJ,Low
ID_5FU7BF,Low
ID_3TOPZZ,Low
ID_02KBQ4,Low
ID_E6U4GN,Low
ID_C37V80,Low
ID_JHRRRS,Low
ID_GWJ8RR,Low
ID_1ENNGA,Low
ID_OX7D0R,Low
ID_QMLCLI,Low
ID_FDTBJO,Low
ID_NVIJZX,Low
ID_RJR9LY,Low
ID_UQI62K,Low
ID_UW37J9,Low
ID_6W6N08,Low
ID_8N2R48,Low
ID_0Q1G1N,Low
ID_D7969M,Low
ID_1M0CU2,Low
ID_Q62RXY,Low
ID_4K6ILS,Low
ID_24UNFT,Low
ID_WNNHN3,Low
ID_8SUOC1,Low
ID_80OCGN,Low
ID_LPLH87,Low
ID_U6QGCB,Low
ID_JWM1WU,Low
ID_FH41A6,Low
ID_CIUWKW,Low
ID_D2XD3T,Low
ID_YA2KYL,Low
ID_TTH9KR,Low
ID_0EJHRM,Low
ID_DL4YCP,Low
ID_6EXNWZ,Low
ID_28OR9F,Low
ID_JY1O2R,Low
ID_DE5E8N,Low
ID_BPWKO9,Low
ID_TUX6J1,Low
ID_NF2P09,Low
ID_J1OF25,Low
ID_OJ38AY,Low
ID_56GW9B,Low
ID_EJRSBB,Low
ID_S4YEN1,Low
ID_W1LK84,Low
ID_OZLEL8,Low
ID_GU5IO8,Low
ID_3X2KB6,Low
ID_MPCBHB,Low
ID_DSGC06,Low
ID_ESDWH8,Low
ID_SCQQAV,Low
ID_O7GDS7,Low
ID_RVO9MA,Low
ID_O7TCBW,Low
ID_55IZOL,Low
ID_GBJWAV,Low
ID_LCQZJ8,Low
ID_8G8T92,Low
ID_27EVCN,Low
ID_FNBA3V,Low
ID_CUWXG8,Low
ID_CKOM5F,Low
ID_GQQQJR,Low
ID_XHZPDS,Low
ID_25SQ8C,Low
ID_LRKI72,Low
ID_8MVW5O,Low
ID_OTKUNU,Low
ID_M5CI7H,Low
ID_NWTLBN,Low
ID_SUFIZM,Low
ID_B5XOJD,Low
ID_XNDDZT,Low
ID_DLBGKB,Low
ID_Y4V8CQ,Low
ID_APMXD6,Low
ID_CDNZY4,Low
ID_F3GR94,Low
ID_H95HHZ,Low
ID_HONIX7,Low
ID_CW6J7O,Low
ID_1689WA,Low
ID_OG9TVP,Low
ID_KJ49YD,Low
ID_16W8MI,Low
ID_BYVSCA,Low
ID_JM1R1Q,Low
ID_QIGBU9,Low
ID_7KVCNO,Low
ID_E9MOVB,Low
ID_LYGWR7,Low
ID_EDOHVR,Low
ID_28J9BF,Low
ID_DXC6RI,Low
ID_8ZOI9H,Low
ID_PI865E,Low
ID_R8HBGW,Low
ID_513LM7,Low
ID_O2D8FU,Low
ID_9DSSRK,Low
ID_RRBAEJ,Low
ID_1R2XGP,Low
ID_EAFDZH,Low
ID_HIFK0V,Low
ID_0UJGVC,Low
ID_LULYM7,Low
ID_86P5XH,Low
ID_35X3X1,Low
ID_B726EW,Low
ID_YQS8CG,Low
ID_J00YCW,Low
ID_VU2FFO,Low
ID_KZK4RQ,Low
ID_CC8UUX,Low
ID_E3OZKD,Low
ID_O6NZPW,Low
ID_EFG9O9,Low
ID_9UZ1KK,Low
ID_UQGX8U,Low
ID_LQC3C5,Low
ID_D0NKVD,Low
ID_IPUV58,Low
ID_QIELDV,Low
ID_6GS0JV,Low
ID_EAXYLN,Low
ID_Z3G0KS,Low
ID_5TT9KA,Low
ID_IMQ5GL,Low
ID_M5HGBO,Low
ID_RSNIMU,Low
ID_34CUYS,Low
ID_S6GKJ7,Low
ID_MDEI1W,Low
ID_1DLUCL,Low
ID_MZCJGU,Low
ID_SE0APH,Low
ID_JQAMZC,Low
ID_YPOOVC,Low
ID_AH3QN2,Low
ID_Y6QR7E,Low
ID_RZ8JJM,Low
ID_F8FWS0,Low
ID_RMWLMA,Low
ID_3H1G9Y,Low
ID_9EN0KE,Low
ID_4SMGP0,Low
ID_YXKQN8,Low
ID_YD2KIR,Low
ID_9ARYEA,Low
ID_K6RE4Q,Low
ID_DA5H3Z,Low
ID_LWI1CU,Low
ID_F33GUW,Low
ID_ONS1NG,Low
ID_XFHHVP,Low
ID_ZKN3PD,Low
ID_KBE0QA,Low
ID_BPBBQH,Low
ID_F9S9EH,Low
ID_2D7GG3,Low
ID_1T6I8U,Low
ID_ZG58XY,Low
ID_1DALPB,Low
ID_DALMJE,Low
ID_76S20E,Low
ID_94E82X,Low
ID_SW5861,Low
ID_8ZDXHY,Low
ID_05FL04,Low
ID_G5C210,Low
ID_UGHT7E,Low
ID_W4HUDS,Low
ID_TQ5DYV,Low
ID_YAJ5ND,Low
ID_8N3E54,Low
ID_EXYVCU,Low
ID_04DV0U,Low
ID_2MZ8M6,Low
ID_UTOTHL,Low
ID_6LKWKN,Low
ID_TZ9UU5,Low
ID_UK9E1V,Low
ID_G345K5,Low
ID_Q51WHA,Low
ID_D1LQJS,Low
ID_WS3SBG,Low
ID_GI14Z9,Low
ID_CNFU2H,Low
ID_8EIQET,Low
ID_U50AP1,Low
ID_WLXDSC,Low
ID_BDP4RE,Low
ID_26UU6D,Low
ID_MZ6387,Low
ID_QTIM88,Low
ID_X70R3S,Low
ID_WSHY61,Low
ID_PAXUZM,Low
ID_724HK1,Low
ID_VM8TNA,Low
ID_KIH548,Low
ID_WGT2LB,Low
ID_04K43S,Low
ID_EHG832,Low
ID_ODZMPO,Low
ID_TD24B4,Low
ID_04JCRW,Low
ID_7RY21G,Low
ID_AMXA6S,Low
ID_PHH62M,Low
ID_IRD4JP,Low
ID_E2F15J,Low
ID_69620Z,Low
ID_TNSM8X,Low
ID_GLIGYK,Low
ID_IYRM1K,Low
ID_P8NJGK,Low
ID_2MGBNC,Low
ID_Q77HNS,Low
ID_GA41IZ,Low
ID_T8MMDF,Low
ID_P5YRO1,Low
ID_UYSBFO,Low
ID_Q0NEZH,Low
ID_R39IIX,Low
ID_C2RH2X,Low
ID_47EN48,Low
ID_6Q8SJY,Low
ID_OZOZEN,Low
ID_CEAAE5,Low
ID_9M0P87,Low
ID_3KEYYN,Low
ID_3RI0YA,Low
ID_LIJI18,Low
ID_Y4DKV7,Low
ID_NZY7JR,Low
ID_GVUMMW,Low
ID_8WGBJ4,Low
ID_JPWIT7,Low
ID_J61TYJ,Low
ID_U73UHR,Low
ID_CFWAWQ,Low
ID_J7D4NG,Low
ID_06B8MS,Low
ID_6J3RTX,Low
ID_GOBZPE,Low
ID_D13UG3,Low
ID_Y3ODSX,Low
ID_4BX952,Low
ID_TB1PPQ,Low
ID_R16WU1,Low
ID_F4KZSE,Low
ID_SF12A5,Low
ID_IZ3U81,Low
ID_9RV3B2,Low
ID_6AQ1DR,Low
ID_XCX9KN,Low
ID_H1ADRG,Low
ID_F8WXKK,Low
ID_0S9BP4,Low
ID_5A8389,Low
ID_I3EYJ5,Low
ID_DT95B1,Low
ID_3DD03U,Low
ID_7SU62J,Low
ID_R97Y2L,Low
ID_0DJWSA,Low
ID_1EN699,Low
ID_KBEFQ7,Low
ID_3416UK,Low
ID_I72W4O,Low
ID_K5BOV3,Low
ID_QUNUE7,Low
ID_TPLI69,Low
ID_JK8XNL,Low
ID_E0OF37,Low
ID_NHJVAN,Low
ID_JRKHE0,Low
ID_WPGK9M,Low
ID_47RHOW,Low
ID_JUDL3A,Low
ID_PRCWFB,Low
ID_11ZSB8,Low
ID_GGHUGT,Low
ID_A8JC3M,Low
ID_QZLVZY,Low
ID_DTN0AB,Low
ID_Y9QZO7,Low
ID_0IGBV7,Low
ID_SVEEGS,Low
ID_83T5KV,Low
ID_1Y7LBD,Low
ID_KD9GNL,Low
ID_3HKVPL,Low
ID_DERI4K,Low
ID_YGC9G6,Low
ID_GMF4LN,Low
ID_HS7AUI,Low
ID_P6PNU0,Low
ID_GO6ZHD,Low
ID_HROXIL,Low
ID_VO7IUG,Low
ID_Z1GV0E,Low
ID_T5U694,Low
ID_RCBPLJ,Low
ID_7HZZ4G,Low
ID_0AH1KG,Low
ID_JCKNC6,Low
ID_SNH0E9,Low
ID_ZRV4A3,Low
ID_DW0FGZ,Low
ID_HHWMF1,Low
ID_4RYTVG,Low
ID_P39LQT,Low
ID_N9F7QA,Low
ID_FIQG01,Low
ID_TFU2SN,Low
ID_7OTE0Q,Low
ID_I4FIEE,Low
ID_1OQ9RQ,Low
ID_G39BD2,Low
ID_20RM73,Low
ID_WLO61P,Low
ID_QOOEGE,Low
ID_DFGJ7N,Low
ID_JUL7W8,Low
ID_CMOQ5P,Low
ID_9F16X1,Low
ID_48WEGT,Low
ID_Z47V66,Low
ID_RNZNZM,Low
ID_4X8SCX,Low
ID_IW6L01,Low
ID_1I7XJ2,Low
ID_0CD8A2,Low
ID_OGN378,Low
ID_OOQ42N,Low
ID_7ILBTL,Low
ID_A1W3RR,Low
ID_DKEJP5,Low
ID_OSZHX1,Low
ID_HDI8S5,Low
ID_RIIGUP,Low
ID_AKFD18,Low
ID_SWEBNV,Low
ID_5MLGMX,Low
ID_P891XS,Low
ID_EFSAA6,Low
ID_1VVTY9,Low
ID_K2VMWW,Low
ID_4HXIOB,Low
ID_5IV86Z,Low
ID_6G298C,Low
ID_3O40A9,Low
ID_ZU2ZUE,Low
ID_91QE37,Low
ID_7IKP7S,Low
ID_MUXFZJ,Low
ID_BCHUAT,Low
ID_G9TDRO,Low
ID_5D4VUE,Low
ID_AHZA9T,Low
ID_Y3Z1DE,Low
ID_NIE7YV,Low
ID_5U8YL9,Low
ID_1UIW5E,Low
ID_WS1LOQ,Low
ID_OXZOGN,Low
ID_WIJLQ5,Low
ID_HHX2X5,Low
ID_9F7WO9,Low
ID_RMQ0ML,Low
ID_AHY5HO,Low
ID_CVEDQF,Low
ID_E9JLWX,Low
ID_X8XLVK,Low
ID_L30PYN,Low
ID_RDBPZO,Low
ID_1V5ZD0,Low
ID_T96GSK,Low
ID_OFG780,Low
ID_FS17CS,Low
ID_P2OY4C,Low
ID_3HPNIC,Low
ID_R6N18B,Low
ID_S5RCGB,Low
ID_PYI46N,Low
ID_HAV6XH,Low
ID_O1DS3H,Low
ID_GH8P9L,Low
ID_N1UJYP,Low
ID_OBTCW6,Low
ID_JH9PO2,Low
ID_N3JHYA,Low
ID_KPF3UZ,Low
ID_LJQKCJ,Low
ID_RPP9CW,Low
ID_0HKARP,Low
ID_GBUL1O,Low
ID_URQN3B,Low
ID_2BWQNX,Low
ID_Z6CP7S,Low
ID_J5UESL,Low
ID_MZNMXB,Low
ID_L40FOC,Low
ID_QP6I0T,Low
ID_KWW4HN,Low
ID_BVUCZV,Low
ID_2U7JHQ,Low
ID_7P2F96,Low
ID_L6CKNC,Low
ID_63005S,Low
ID_TWDL9Z,Low
ID_IP65PL,Low
ID_QHXSIP,Low
ID_KRCW9I,Low
ID_S1WVPF,Low
ID_EJNEF0,Low
ID_GPS013,Low
ID_LGJE2A,Low
ID_NXPWNU,Low
ID_H7PSXM,Low
ID_TSRL21,Low
ID_7LCCJZ,Low
ID_B3V7G5,Low
ID_FQKIDC,Low
ID_PEHFJ6,Low
ID_RVA2UL,Low
ID_NXXKLU,Low
ID_7PMEXJ,Low
ID_L6FEHE,Low
ID_H7QLH5,Low
ID_5Y4TS6,Low
ID_AQ3J9X,Low
ID_F3TF14,Low
ID_BFFBFL,Low
ID_G8SBI4,Low
ID_42WQK2,Low
ID_ZG884B,Low
ID_93DXWO,Low
ID_H6AAF2,Low
ID_F27SJC,Low
ID_27KKZ4,Low
ID_1W36CO,Low
ID_CBSYQY,Low
ID_SVXFOR,Low
ID_409WNZ,Low
ID_7KSAUA,Low
ID_9JD4MK,Low
ID_FXLGQX,Low
ID_DP4FMP,Low
ID_79IZV5,Low
ID_O9O2M4,Low
ID_3C1HD9,Low
ID_9INTUO,Low
ID_ZE6HVO,Low
ID_U5X0HC,Low
ID_11KPKW,Low
ID_4GPZBO,Low
ID_99AF38,Low
ID_R7JETE,Low
ID_AFN214,Low
ID_JA5T7P,Low
ID_6RP26G,Low
ID_3CII1J,Low
ID_H094IP,Low
ID_XF5Q3J,Low
ID_RG63LH,Low
ID_MBR5XQ,Low
ID_M8RT41,Low
ID_9C70PA,Low
ID_SBWTE8,Low
ID_56VAVW,Low
ID_70N9EM,Low
ID_M54XR8,Low
ID_ZFHQDR,Low
ID_C2GUWJ,Low
ID_M6MW6N,Low
ID_PHJ3MU,Low
ID_8VI6FK,Low
ID_HLCEZH,Low
ID_T1K8HC,Low
ID_S4P845,Low
ID_22Z0SD,Low
ID_333ZA4,Low
ID_XRED8U,Low
ID_AHE441,Low
ID_DJ3RZQ,Low
ID_DESIS6,Low
ID_U0R7G0,Low
ID_C9LUER,Low
ID_YN2YJW,Low
ID_Y1OL5R,Low
ID_VVEG6U,Low
ID_LPEFJA,Low
ID_EFFXJJ,Low
ID_DBE2X8,Low
ID_JJTD1M,Low
ID_SAAYE8,Low
ID_0TJ2T9,Low
ID_I9EXBN,Low
ID_IK85EN,Low
ID_W7TBDD,Low
ID_5DEK42,Low
ID_9AGE9N,Low
ID_N728ZH,Low
ID_WIEEO9,Low
ID_A0C5HD,Low
ID_R9Y7N1,Low
ID_OJPZQS,Low
ID_QWLOQK,Low
ID_2LG1ZH,Low
ID_X43WFS,Low
ID_CZAFR0,Low
ID_OEXIR4,Low
ID_YXFIBL,Low
ID_4I3642,Low
ID_P7ZCPB,Low
ID_CSQOU9,Low
ID_7KFGHP,Low
ID_MJSRD9,Low
ID_HTD8H6,Low
ID_U3PJTC,Low
ID_J0LEBN,Low
ID_N717YW,Low
ID_IHDZSN,Low
ID_ZU0F5E,Low
ID_3AWPQS,Low
ID_RF04F6,Low
ID_RLF3Q6,Low
ID_ECDC9Y,Low
ID_SVB8Q3,Low
ID_HVDQ0M,Low
ID_3GGODL,Low
ID_O9HAXH,Low
ID_TC41RW,Low
ID_XALXEP,Low
ID_WVTFX4,Low
ID_FR8EG6,Low
ID_WWOSLK,Low
ID_NIL847,Low
ID_KPK7FV,Low
ID_8BKA8V,Low
ID_LNM580,Low
ID_042QTC,Low
ID_E9DUG9,Low
ID_AOQHVD,Low
ID_LX4UZI,Low
ID_NQXUC1,Low
ID_4SE2KY,Low
ID_3HG939,Low
ID_13HLOZ,Low
ID_0OXFQ8,Low
ID_H5YWL9,Low
ID_BH6NQQ,Low
ID_0YUCQE,Low
ID_6RNCKR,Low
ID_EEV7IN,Low
ID_W9D2OL,Low
ID_HUAMHM,Low
ID_57HLSZ,Low
ID_Y09SGW,Low
ID_SF699P,Low
ID_6KB9Z7,Low
ID_HPMXPK,Low
ID_WAVIAT,Low
ID_3S9UCK,Low
ID_W1B4LI,Low
ID_D7YXW1,Low
ID_H4K4JK,Low
ID_XI8E55,Low
ID_TCKEH5,Low
ID_CG99L3,Low
ID_NC0I4X,Low
ID_MSY5YP,Low
ID_NU9QRK,Low
ID_H2NXXM,Low
ID_AI2278,Low
ID_QNM6XV,Low
ID_M2HUT7,Low
ID_WG4DI2,Low
ID_D9REXP,Low
ID_ZH4YYB,Low
ID_809QC5,Low
ID_XMVW0N,Low
ID_JRM97P,Low
ID_WYO653,Low
ID_K26GFX,Low
ID_M1XGB1,Low
ID_OI5G6X,Low
ID_VTX6PO,Low
ID_T09CLU,Low
ID_40WEDM,Low
ID_U87CM4,Low
ID_NT2TC8,Low
ID_GNWNL7,Low
ID_UMX00Y,Low
ID_QQO7BG,Low
ID_WY3I07,Low
ID_B0B1YO,Low
ID_Z9AD5Y,Low
ID_2HJJHM,Low
ID_9MIDUX,Low
ID_3JONOU,Low
ID_D3Y82F,Low
ID_C4951A,Low
ID_ATLY4W,Low
ID_6SGW2N,Low
ID_ELZAWR,Low
ID_A7YPCF,Low
ID_CP83JU,Low
ID_ZNX80E,Low
ID_2J60V4,Low
ID_91I3VM,Low
ID_CVTN9S,Low
ID_VV7RMN,Low
ID_C23U2G,Low
ID_ZLQEIR,Low
ID_OFIPZN,Low
ID_8G8JDP,Low
ID_NQQA4P,Low
ID_VRUFFD,Low
ID_U534Q4,Low
ID_PKLJ67,Low
ID_V21NDC,Low
ID_DNHYOG,Low
ID_Z3FU0L,Low
ID_MQXMQO,Low
ID_NNLO0H,Low
ID_HAGKC4,Low
ID_9MSZR0,Low
ID_UNQHNV,Low
ID_YLU58F,Low
ID_WGSKWD,Low
ID_O1P98S,Low
ID_DCUJQ6,Low
ID_TTC954,Low
ID_Z1MFIH,Low
ID_6XN6LC,Low
ID_E58F3O,Low
ID_K3FDJ2,Low
ID_2R6U0M,Low
ID_7VH1YG,Low
ID_RUCPRK,Low
ID_M8NZF6,Low
ID_3WXA73,Low
ID_HZYZTE,Low
ID_LE4A2G,Low
ID_I5BLW4,Low
ID_IYQBVT,Low
ID_GK6T9D,Low
ID_YEMNNP,Low
ID_COWEEV,Low
ID_DIBBFR,Low
ID_W2EOWL,Low
ID_GSCMNU,Low
ID_BZKL5T,Low
ID_RBGWVN,Low
ID_OMFFK4,Low
ID_SUP0GA,Low
ID_NTUSJX,Low
ID_Y0W58D,Low
ID_CJG8VU,Low
ID_FGGK82,Low
ID_2VRPK9,Low
ID_05ZHI6,Low
ID_53EGDD,Low
ID_JMZ5K9,Low
ID_H82ODS,Low
ID_TG21HS,Low
ID_YGE3VJ,Low
ID_HPNPK2,Low
ID_JMH6T4,Low
ID_ZG2VG3,Low
ID_1CMDRM,Low
ID_C41Q6L,Low
ID_IKA7LX,Low
ID_ZDQ3W6,Low
ID_THODZZ,Low
ID_XJ93DR,Low
ID_7ZJ8FN,Low
ID_7BLW9M,Low
ID_SMQL2T,Low
ID_QEAEQ2,Low
ID_HGKTPG,Low
ID_3E4XYF,Low
ID_VL9V73,Low
ID_4US73W,Low
ID_YHRFOZ,Low
ID_O9TNTY,Low
ID_OQIFJ8,Low
ID_2E077U,Low
ID_PVEG4D,Low
ID_1U5XI1,Low
ID_5EUSC7,Low
ID_RAZMDU,Low
ID_LJT18Z,Low
ID_30L1R9,Low
ID_JL8EZ3,Low
ID_NCAD4Z,Low
ID_GATJ9T,Low
ID_25X1FV,Low
ID_KB47Y7,Low
ID_357BD0,Low
ID_QD9ANO,Low
ID_JX084D,Low
ID_NXV50O,Low
ID_GIQDZ7,Low
ID_BV2J3T,Low
ID_JQTF8N,Low
ID_TQ824H,Low
ID_SOT56A,Low
ID_MSPZPD,Low
ID_VI052U,Low
ID_5RPBLA,Low
ID_Z53GWT,Low
ID_DQVUL7,Low
ID_ZCOTOH,Low
ID_Z2ZMIG,Low
ID_PKN646,Low
ID_KT4P6C,Low
ID_H2BVWV,Low
ID_B0ORR5,Low
ID_E34JL7,Low
ID_WKZM92,Low
ID_9T84AZ,Low
ID_SXOF6T,Low
ID_2RGWHG,Low
ID_93ACZS,Low
ID_NKBTFS,Low
ID_QEJ6FD,Low
ID_G1L11O,Low
ID_GGSPAJ,Low
ID_F8RSJR,Low
ID_0WYYQN,Low
ID_7GIU13,Low
ID_FU4B9S,Low
ID_UZNO5M,Low
ID_CDK36M,Low
ID_8AB13T,Low
ID_RP8GUU,Low
ID_PW3HHI,Low
ID_7JMREV,Low
ID_6ORGER,Low
ID_6NYYCJ,Low
ID_ZVLHYL,Low
ID_SKYKZ1,Low
ID_I20AK6,Low
ID_X9WLW4,Low
ID_UYUCEC,Low
ID_O6JRU7,Low
ID_ZN5H5J,Low
ID_J80E7N,Low
ID_422TA8,Low
ID_LKFBK9,Low
ID_9W2ZZS,Low
ID_YVMDH6,Low
ID_JJEY7Q,Low
ID_1RDOLP,Low
ID_B57L13,Low
ID_1XERP3,Low
ID_1POXRT,Low
ID_IMI0G8,Low
ID_9VB92G,Low
ID_PDOLXC,Low
ID_BALHJH,Low
ID_LP8UW1,Low
ID_R1H69M,Low
ID_6SIF6D,Low
ID_NR53F5,Low
ID_ABAZD8,Low
ID_0N8MZ5,Low
ID_YQ5QHS,Low
ID_HG5ZMT,Low
ID_F3JPHN,Low
ID_3GXJ0M,Low
ID_MZPSCT,Low
ID_TSUJT7,Low
ID_VTFMRM,Low
ID_SEHJ0Y,Low
ID_DIOHML,Low
ID_UZFJAL,Low
ID_H9VGKY,Low
ID_N04FDT,Low
ID_HCJOJZ,Low
ID_PJ7K99,Low
ID_XB9YO1,Low
ID_81RXYR,Low
ID_BUQIQM,Low
ID_0UI22K,Low
ID_1ZAQ7Q,Low
ID_6QROLN,Low
ID_B41G87,Low
ID_AWHLQ7,Low
ID_NNTXRG,Low
ID_Q03JWW,Low
ID_ZSA7YV,Low
ID_HN6MGW,Low
ID_W62AIA,Low
ID_020ZTX,Low
ID_Y72IVG,Low
ID_Z17A8R,Low
ID_GLAF8Y,Low
ID_Z17YBE,Low
ID_MPXQ3X,Low
ID_RM43GM,Low
ID_L3M871,Low
ID_SSUMH0,Low
ID_11NAE2,Low
ID_P61LFC,Low
ID_I909N7,Low
ID_N5MUY0,Low
ID_LEJVGI,Low
ID_R5SWK8,Low
ID_38YHED,Low
ID_U0UONU,Low
ID_WXLCIU,Low
ID_PX71M8,Low
ID_AZXKDQ,Low
ID_0NW0F3,Low
ID_ZM12AW,Low
ID_BKPIQN,Low
ID_I6FQJJ,Low
ID_BQCND5,Low
ID_JA6MIH,Low
ID_BD2SCE,Low
ID_M5ZJA8,Low
ID_6WEGGH,Low
ID_U5MTXS,Low
ID_6ABQR8,Low
ID_SEXVR2,Low
ID_U4XSZJ,Low
ID_EKJS7Y,Low
ID_R3PT47,Low
ID_0N9CC7,Low
ID_SCU6MX,Low
ID_RC474U,Low
ID_I3QK2I,Low
ID_9JVB6H,Low
ID_4JNLMK,Low
ID_8Z1XIE,Low
ID_QT53BZ,Low
ID_T9N44F,Low
ID_1EKVIP,Low
ID_8MWE77,Low
ID_E2ATN2,Low
ID_KPL3CH,Low
ID_M4PSQN,Low
ID_NTJK2G,Low
ID_DJJFNF,Low
ID_TUH08L,Low
ID_14NIJC,Low
ID_OWAPCQ,Low
ID_Y31ZR7,Low
ID_JBQU11,Low
ID_S859TX,Low
ID_CRYSAU,Low
ID_JD2V1L,Low
ID_KFZQFO,Low
ID_EAZVW7,Low
ID_YMRRQS,Low
ID_RFIUPR,Low
ID_EFOJHO,Low
ID_4XO06R,Low
ID_3VQJDD,Low
ID_TJHL93,Low
ID_BETRLZ,Low
ID_FOY4DD,Low
ID_R8T945,Low
ID_3K8A7R,Low
ID_EDPLHR,Low
ID_8714NB,Low
ID_LED1LG,Low
ID_W5FKNJ,Low
ID_EL33PC,Low
ID_72VFW1,Low
ID_YJB48W,Low
ID_FICLRE,Low
ID_D7TZG3,Low
ID_VHYGQZ,Low
ID_WMEJKE,Low
ID_G78IA6,Low
ID_KQKP90,Low
ID_EBXGKY,Low
ID_ZTBQ56,Low
ID_W3CHNJ,Low
ID_MX0RDT,Low
ID_4WSQT2,Low
ID_61BRFY,Low
ID_CMBVPT,Low
ID_PC9SPW,Low
ID_PRTZUF,Low
ID_M1TM27,Low
ID_4LAUSK,Low
ID_WNQXAR,Low
ID_BOCHTC,Low
ID_MHVKCX,Low
ID_0YMXNE,Low
ID_NEEWKI,Low
ID_02NMSI,Low
ID_9DXOQ2,Low
ID_ZBMP4J,Low
ID_M7U4AK,Low
ID_7ZPQFG,Low
ID_3IE68P,Low
ID_PT55HT,Low
ID_8J0KKA,Low
ID_CPJ8R1,Low
ID_6BRJDN,Low
ID_8OGA0X,Low
ID_S7DXD9,Low
ID_ZMVYD4,Low
ID_ZV2GWU,Low
ID_PWH0MX,Low
ID_9ZC2WO,Low
ID_MLGSES,Low
ID_FLHLX0,Low
ID_1T2TAL,Low
ID_VE5RZU,Low
ID_PUN5DG,Low
ID_5DBDXB,Low
ID_CH77WR,Low
ID_A3IDY3,Low
ID_977YY5,Low
ID_U1BZQW,Low
ID_UEIHX7,Low
ID_Y0BVR6,Low
ID_A0WQOF,Low
ID_2ATGXI,Low
ID_RDQV9K,Low
ID_NECQOR,Low
ID_1S6EQX,Low
ID_33S5R2,Low
ID_LFCOP4,Low
ID_LV6TX0,Low
ID_M5NS30,Low
ID_OBIRY8,Low
ID_EMBYV6,Low
ID_P77946,Low
ID_IAVPTS,Low
ID_OJ4X9O,Low
ID_N2WKIY,Low
ID_N3CIHM,Low
ID_S8CHKC,Low
ID_X9ULLP,Low
ID_3VVVF7,Low
ID_BHEYYS,Low
ID_HFT4I2,Low
ID_E358TR,Low
ID_XO9T7E,Low
ID_3LXSY4,Low
ID_IH1XDP,Low
ID_QGYIW5,Low
ID_W06NY4,Low
ID_9R17WL,Low
ID_EJSX09,Low
ID_LQ3VXH,Low
ID_SDP8MV,Low
ID_YGMGIE,Low
ID_11LGPK,Low
ID_XQ531D,Low
ID_FEFPQ5,Low
ID_7Q15WH,Low
ID_G6OOH1,Low
ID_YGYNKI,Low
ID_WFCY40,Low
ID_U5OEJ8,Low
ID_IKT2KF,Low
ID_TACY15,Low
ID_8BV5ZH,Low
ID_ERY74R,Low
ID_JSBNU6,Low
ID_WQX1N6,Low
ID_4U3WO2,Low
ID_37ODN6,Low
ID_PQYASY,Low
ID_DOOF2J,Low
ID_51VUTP,Low
ID_LYBWGM,Low
ID_Z8KV8N,Low
ID_6TUKXN,Low
ID_W4JQZ1,Low
ID_Q9JUUL,Low
ID_0I7MTP,Low
ID_HLI5L6,Low
ID_TXP0SH,Low
ID_488PKW,Low
ID_YGZCUJ,Low
ID_SAYRSZ,Low
ID_V3UTCP,Low
ID_CIJJRX,Low
ID_P5RO8Q,Low
ID_4C3G4C,Low
ID_7V3M13,Low
ID_LXN32N,Low
ID_Q2OAZF,Low
ID_C8CYNL,Low
ID_8D1SPD,Low
ID_VUFXFL,Low
ID_L4J1PJ,Low
ID_XXA6BM,Low
ID_WNPR42,Low
ID_K94W6W,Low
ID_PNZASY,Low
ID_52XOVY,Low
ID_6ASSSU,Low
ID_KKIUY5,Low
ID_OECQZ0,Low
ID_7QPM29,Low
ID_CD1W6R,Low
ID_KO8ZS8,Low
ID_S5ZXQO,Low
ID_NGC4XA,Low
ID_0VA0ST,Low
ID_OA83Z7,Low
ID_FNS6UV,Low
ID_10PJE7,Low
ID_IIPS8Q,Low
ID_ZUWQFF,Low
ID_SV51TK,Low
ID_JCEJMN,Low
ID_3RXDT5,Low
ID_A0GURG,Low
ID_SDLNIT,Low
ID_U0T566,Low
ID_FHLGEM,Low
ID_5WBQAL,Low
ID_XF823Q,Low
ID_IRIO74,Low
ID_YYWZL0,Low
ID_PAY1T5,Low
ID_8OZCYW,Low
ID_675TG9,Low
ID_WSFDIB,Low
ID_JWWBK8,Low
ID_Q1JNY6,Low
ID_WW12TP,Low
ID_ROIAW9,Low
ID_E8NFRA,Low
ID_DHVS41,Low
ID_DJD1XB,Low
ID_9DD5S0,Low
ID_DTBYRG,Low
ID_3VM1U0,Low
ID_BSEPR1,Low
ID_BJHY3M,Low
ID_Q22AJX,Low
ID_E8IV8A,Low
ID_XOF33Q,Low
ID_PE7YKR,Low
ID_U8OXM9,Low
ID_F4S2NI,Low
ID_INSTQC,Low
ID_HZX7ZB,Low
ID_X8WB80,Low
ID_KGFZ9Y,Low
ID_HDLQH1,Low
ID_LCQXIP,Low
ID_DZIWF9,Low
ID_8OM08T,Low
ID_L2FX35,Low
ID_JK66KE,Low
ID_VF8QFB,Low
ID_6NEOAZ,Low
ID_O4RLE9,Low
ID_2KUGEO,Low
ID_5CS9UI,Low
ID_BLF5SD,Low
ID_D0771H,Low
ID_Q99FR8,Low
ID_7WLYZF,Low
ID_A26YFP,Low
ID_OUN91F,Low
ID_0V0NJJ,Low
ID_C81DO6,Low
ID_VY32I3,Low
ID_9JHQZL,Low
ID_NYXTXM,Low
ID_G2LBWT,Low
ID_DKRLC0,Low
ID_B87T93,Low
ID_QDWB32,Low
ID_UL4AE6,Low
ID_F6XDN8,Low
ID_887TLE,Low
ID_3DVYJH,Low
ID_GV10K6,Low
ID_NF27E6,Low
ID_25WOE9,Low
ID_2QZSKH,Low
ID_IC67W5,Low
ID_S8J24T,Low
ID_6T1OXH,Low
ID_UWVW1P,Low
ID_RN4FLH,Low
ID_JRPE2X,Low
ID_7BXA2K,Low
ID_E497V6,Low
ID_0NCNMG,Low
ID_F2HEQY,Low
ID_HYNHY8,Low
ID_D3BGNP,Low
ID_2A3WG1,Low
ID_SPD2SW,Low
ID_QG4QLV,Low
ID_JF4UQM,Low
ID_C1YUZP,Low
ID_7ODM6I,Low
ID_NZKRSN,Low
ID_FCC2SW,Low
ID_BR4F2Z,Low
ID_ZRJ48L,Low
ID_ZF1U6V,Low
ID_VZ0PAE,Low
ID_22ZJ71,Low
ID_EF0VOT,Low
ID_DM4ACR,Low
ID_XT6YEY,Low
ID_1SXXRP,Low
ID_RXXWFM,Low
ID_JW8357,Low
ID_YYFK31,Low
ID_5TQSYQ,Low
ID_MIQACA,Low
ID_G19QGU,Low
ID_CECI1Z,Low
ID_MEL61G,Low
ID_LG2LC3,Low
ID_CQEKIU,Low
ID_YK7YQ5,Low
ID_QMPUYW,Low
ID_6MXRF9,Low
ID_R1AR6U,Low
ID_EO9NX5,Low
ID_6GVWRD,Low
ID_P1K8UR,Low
ID_EYSU7E,Low
ID_N9EQRJ,Low
ID_T9ZJJY,Low
ID_HSQ332,Low
ID_7193Q1,Low
ID_4MW04I,Low
ID_MRNFIE,Low
ID_VB9HXK,Low
ID_H5ZXRQ,Low
ID_1CAO8W,Low
ID_T95XJ3,Low
ID_SNHFOQ,Low
ID_RIFWR0,Low
ID_AD2C4X,Low
ID_MQP7RX,Low
ID_0909JF,Low
ID_R62GDS,Low
ID_PU1FH7,Low
ID_HN3F9Z,Low
ID_CBBCMM,Low
ID_NUL5DY,Low
ID_2LBM2Q,Low
ID_EADCT1,Low
ID_RAEJPF,Low
ID_L6SO28,Low
ID_IQICB5,Low
ID_YTE9AF,Low
ID_HECFXW,Low
ID_UTFEFZ,Low
ID_F63BLS,Low
ID_IPJIYL,Low
ID_5PEPL7,Low
ID_Z67YYK,Low
ID_1ARR5T,Low
ID_PI9ITJ,Low
ID_42A368,Low
ID_IEC4D1,Low
ID_JPZTC0,Low
ID_2D0CFI,Low
ID_DC112H,Low
ID_OUHYLU,Low
ID_GGGKYC,Low
ID_MXVWBQ,Low
ID_92SJP7,Low
ID_P2S07J,Low
ID_9M2KKT,Low
ID_L83KKO,Low
ID_2DA5B4,Low
ID_1BL6F6,Low
ID_W0Z69I,Low
ID_82CUDL,Low
ID_511VS0,Low
ID_SCNKL4,Low
ID_KZ36U8,Low
ID_DCITEG,Low
ID_XN1FVQ,Low
ID_FNKOMV,Low
ID_YK820P,Low
ID_CW9RTN,Low
ID_NARUR3,Low
ID_ZCCXWI,Low
ID_6E8XTM,Low
ID_EZ8QSP,Low
ID_G4PDFC,Low
ID_NRAUZ7,Low
ID_2ZKF5B,Low
ID_FZQC7X,Low
ID_1LEQI9,Low
ID_S7HGH5,Low
ID_5DSRYS,Low
ID_ME6F4O,Low
ID_JSYXUF,Low
ID_7X3BQW,Low
ID_XZ6UK1,Low
ID_U8HRAV,Low
ID_IVDTS8,Low
ID_O1CMRT,Low
ID_25JT3M,Low
ID_COF313,Low
ID_ZDWP73,Low
ID_SGPYNY,Low
ID_4EHMW5,Low
ID_RTZW44,Low
ID_146VEY,Low
ID_3ON4FG,Low
ID_FQSDQ2,Low
ID_VNLDCK,Low
ID_E5AJR1,Low
ID_A47AA6,Low
ID_1GF4OF,Low
ID_S6AYLL,Low
ID_FRBOO7,Low
ID_3RZN9L,Low
ID_IT1LB8,Low
ID_RNTP3C,Low
ID_V23U50,Low
ID_Q7JBMJ,Low
ID_MBO4KF,Low
ID_0Z86HE,Low
ID_1GQIT8,Low
ID_T6TCJA,Low
ID_JP8FWP,Low
ID_I41RVA,Low
ID_D0W9RY,Low
ID_66VW9B,Low
ID_M271W1,Low
ID_JONDTW,Low
ID_ACT498,Low
ID_YSRNYZ,Low
ID_QLYLEW,Low
ID_WQ1GAZ,Low
ID_PMPCEJ,Low
ID_XFSHWZ,Low
ID_FYCCGZ,Low
ID_IG4E8Q,Low
ID_7EUAQ3,Low
ID_JPMLNL,Low
ID_398NLI,Low
ID_SB4HY6,Low
ID_SDI15H,Low
ID_EAGWP8,Low
ID_P5I97B,Low
ID_3OE9VU,Low
ID_FQTG7H,Low
ID_J5R2SL,Low
ID_TKRRVW,Low
ID_DLP0IR,Low
ID_DSP7IO,Low
ID_L3G0D2,Low
ID_2GRRDN,Low
ID_PFK6M7,Low
ID_DLOR2T,Low
ID_2QJI47,Low
ID_TVGTEK,Low
ID_MPH9FE,Low
ID_V0DSZR,Low
ID_A2IZ5P,Low
ID_IWZOD0,Low
ID_LKW5E1,Low
ID_IWZWT9,Low
ID_A2WSFJ,Low
ID_R024LP,Low
ID_VOANPA,Low
ID_V003KG,Low
ID_2XUVF5,Low
ID_S925WO,Low
ID_WBQHSM,Low
ID_XKJTAV,Low
ID_R9PE6C,Low
ID_5G6JZ0,Low
ID_GAS0R7,Low
ID_0XPQD4,Low
ID_FKYOF4,Low
ID_E4QVTD,Low
ID_ZVOWI0,Low
ID_0KK9JG,Low
ID_ZLCH2X,Low
ID_ZS3M0J,Low
ID_5OWK1L,Low
ID_FWXEJ5,Low
ID_76F83E,Low
ID_3OPPOY,Low
ID_F89LPB,Low
ID_RMVCDW,Low
ID_F1XNVB,Low
ID_LKTOBY,Low
ID_RE2U7F,Low
ID_RVCNIG,Low
ID_0FEEB9,Low
ID_5WFW5Q,Low
ID_E1SFXU,Low
ID_CJ1MK9,Low
ID_MEMTO2,Low
ID_S0MXVL,Low
ID_72F9S5,Low
ID_GIQT67,Low
ID_THLVJY,Low
ID_5T6V8V,Low
ID_TI2V0Z,Low
ID_R3URMW,Low
ID_9T1HW2,Low
ID_PCC3ZK,Low
ID_Q4AW8J,Low
ID_GQ01TE,Low
ID_TP6QAQ,Low
ID_R70UT1,Low
ID_HTH24P,Low
ID_1XUHDG,Low
ID_4LPQK5,Low
ID_2VIUAD,Low
ID_LXGWS5,Low
ID_HTTSW5,Low
ID_F0EZT9,Low
ID_3YJTU7,Low
ID_W4Q46D,Low
ID_KMCMXZ,Low
ID_433E1I,Low
ID_EUBHS1,Low
ID_2D5VR2,Low
ID_VBYE9S,Low
ID_AADU90,Low
ID_XNTJW3,Low
ID_DCIROW,Low
ID_O4QFAC,Low
ID_VUF7Q2,Low
ID_Z1B98V,Low
ID_OSZQG6,Low
ID_XX5FZH,Low
ID_RONTDI,Low
ID_RM3WP8,Low
ID_H7N1BQ,Low
ID_J9S8U2,Low
ID_T2BAS5,Low
ID_RRVGMD,Low
ID_E1SOFP,Low
ID_1QQUAX,Low
ID_1BJE9X,Low
ID_CR9D47,Low
ID_K4X1FD,Low
ID_3THZOU,Low
ID_RGKQ8U,Low
ID_M0P9IW,Low
ID_OC6P3F,Low
ID_SIWFVI,Low
ID_XCY5U4,Low
ID_NOUHTC,Low
ID_D3IRVX,Low
ID_UN6FHT,Low
ID_XS8RWG,Low
ID_L5N6HD,Low
ID_8OAGP0,Low
ID_YOA0Y3,Low
ID_M9DEOC,Low
ID_RZVZZG,Low
ID_4BS4KU,Low
ID_ICE7W6,Low
ID_976F7P,Low
ID_WWIIF8,Low
ID_EH0QBV,Low
ID_WHKVL3,Low
ID_KJ6XHP,Low
ID_FYO175,Low
ID_CSQL6G,Low
ID_QG1IXB,Low
ID_R64L4Y,Low
ID_FFAHT4,Low
ID_840982,Low
ID_NHVYWU,Low
ID_12X3NC,Low
ID_3D4D32,Low
ID_7BVZQ8,Low
ID_X5GGOM,Low
ID_QW8K0R,Low
ID_1PY75W,Low
ID_7DGT60,Low
ID_7CRRBI,Low
ID_HXNRU4,Low
ID_R5T9L1,Low
ID_8YFH3X,Low
ID_049ENU,Low
ID_19LZH3,Low
ID_C07LBL,Low
ID_8F6FTS,Low
ID_5M9FER,Low
ID_SBRP14,Low
ID_4QXXVA,Low
ID_21OT0A,Low
ID_CF1EK6,Low
ID_6YRGC5,Low
ID_09AMPT,Low
ID_VDKZG5,Low
ID_HB1MTR,Low
ID_8D0MZH,Low
ID_CILM1G,Low
ID_41G20D,Low
ID_QP6XGH,Low
ID_LLH22B,Low
ID_1T6ERQ,Low
ID_MV0Y8X,Low
ID_7F8T3K,Low
ID_2SETB9,Low
ID_LYO3SG,Low
ID_AY3SM1,Low
ID_1P7XHZ,Low
ID_BZS99D,Low
ID_F09UYG,Low
ID_GWKIDN,Low
ID_84JRH8,Low
ID_B2KNFT,Low
ID_7UACCI,Low
ID_LQJIDK,Low
ID_YZWP4T,Low
ID_2RAS84,Low
ID_B5BAVO,Low
ID_1GPT49,Low
ID_6QGOVU,Low
ID_2MAIET,Low
ID_2BILNP,Low
ID_GJ35JD,Low
ID_EX5DEV,Low
ID_2Y0OY5,Low
ID_AAOO91,Low
ID_9BT78K,Low
ID_4K3AWL,Low
ID_FRSATQ,Low
ID_RGYBXK,Low
ID_3T14LY,Low
ID_4FODMJ,Low
ID_97SZPL,Low
ID_BQY3OT,Low
ID_35AZNP,Low
ID_BTOBA8,Low
ID_HOPQ0U,Low
ID_OAD78Q,Low
ID_0SXG4X,Low
ID_A8WZJW,Low
ID_CV71E4,Low
ID_CYWE3D,Low
ID_DPT6PK,Low
ID_U08L4P,Low
ID_P1B4K5,Low
ID_1JLIDI,Low
ID_NX1KHQ,Low
ID_DE0L1O,Low
ID_7JXJN6,Low
ID_DA9OEK,Low
ID_5C7RSM,Low
ID_AHW9TT,Low
ID_ULGTDT,Low
ID_JFEDTE,Low
ID_SRNKRB,Low
ID_88R29F,Low
ID_R78L1M,Low
ID_9BG74E,Low
ID_WU7C8X,Low
ID_N6OQJ6,Low
ID_TX8J1C,Low
ID_9N1D6D,Low
ID_XWNKPZ,Low
ID_N07EA2,Low
ID_0UY9F8,Low
ID_M8MRYK,Low
ID_2LNNW1,Low
ID_OY7GNJ,Low
ID_S3T7C6,Low
ID_22O1TF,Low
ID_G86WFY,Low
ID_G6C615,Low
ID_ZBF97C,Low
ID_UQXDDL,Low
ID_Q7GXFX,Low
ID_73AEEP,Low
ID_3P4LFD,Low
ID_OYS78Y,Low
ID_N573VJ,Low
ID_Q3U91F,Low
ID_LED0Z4,Low
ID_HXCX8G,Low
ID_MTSWAA,Low
ID_9B7C8D,Low
ID_VH5Y6F,Low
ID_P6VMJO,Low
ID_IVWOE5,Low
ID_CTEL74,Low
ID_YHUIVG,Low
ID_WVTQQK,Low
ID_DGLSQ5,Low
ID_3TD7UR,Low
ID_K7DD1T,Low
ID_ZF8ADF,Low
ID_6FSRKQ,Low
ID_PAYGAA,Low
ID_ETYR9X,Low
ID_8KKLSE,Low
ID_41YB60,Low
ID_PYWDRD,Low
ID_D2TO1K,Low
ID_CSG4OF,Low
ID_OAD304,Low
ID_OVCCI6,Low
ID_Y6C5TG,Low
ID_GCJ2TJ,Low
ID_H1425L,Low
ID_VHDK8L,Low
ID_ET8P1H,Low
ID_QS1BHL,Low
ID_2O4H1I,Low
ID_477Y6Z,Low
ID_WJWXYO,Low
ID_JP1ILR,Low
ID_DIU321,Low
ID_4RX6PR,Low
ID_WJZXC7,Low
ID_5TAO1C,Low
ID_6DMJLX,Low
ID_IPQ187,Low
ID_CRGB93,Low
ID_KPSCEB,Low
ID_KII80N,Low
ID_IIQKDX,Low
ID_ZXD82B,Low
ID_DDAFS1,Low
ID_YJXRPJ,Low
ID_EK4AEG,Low
ID_VOKQY9,Low
ID_OKAEWF,Low
ID_K0H2K1,Low
ID_N8UH2M,Low
ID_Y6FD62,Low
ID_KZADBS,Low
ID_AJ80CS,Low
ID_DWCJTA,Low
ID_RT2L2I,Low
ID_RZZSBL,Low
ID_TEKATK,Low
ID_L6KE3H,Low
ID_KH87CY,Low
ID_QD6R5F,Low
ID_00WNT0,Low
ID_E41OFV,Low
ID_G6CD2I,Low
ID_J0UFO2,Low
ID_ZD9M0A,Low
ID_GK6YUL,Low
ID_HE9G1B,Low
ID_KC4GSY,Low
ID_OWXZO4,Low
ID_HRBFGC,Low
ID_JWV2QN,Low
ID_O9RE3D,Low
ID_37C6QC,Low
ID_K3GPI3,Low
ID_NSPN5M,Low
ID_ALLSSF,Low
ID_20HH28,Low
ID_7GE7MG,Low
ID_N14RBH,Low
ID_SGQ9WE,Low
ID_DL87XP,Low
ID_JX5TD4,Low
ID_CCRBF4,Low
ID_WNAZMP,Low
ID_A5U6HC,Low
ID_2O1LIY,Low
ID_C669PS,Low
ID_GJMQ6G,Low
ID_CS5834,Low
ID_P3A8N5,Low
ID_GZMK8J,Low
ID_LO87TQ,Low
ID_HRUMMT,Low
ID_0K2T9Z,Low
ID_XMABL3,Low
ID_UW0V0I,Low
ID_BCBABT,Low
ID_6WZS3T,Low
ID_MPD7Z4,Low
ID_I8XQ6T,Low
ID_O2TLA2,Low
ID_BV0DEO,Low
ID_ZBAMD9,Low
ID_C9PUBK,Low
ID_ICD0LS,Low
ID_9FG4UB,Low
ID_1FLMNA,Low
ID_TD7KFN,Low
ID_0EN4IE,Low
ID_JCY4V8,Low
ID_0Y0WLI,Low
ID_HHXFGC,Low
ID_K38CJT,Low
ID_UIX6HT,Low
ID_WUQAYG,Low
ID_0A78P5,Low
ID_K0EXC1,Low
ID_W9BFC0,Low
ID_T7DHT8,Low
ID_CFS831,Low
ID_67ST8L,Low
ID_QCJNIY,Low
ID_F0NSGT,Low
ID_3WESPB,Low
ID_K47SL7,Low
ID_FQGDM1,Low
ID_16LBUW,Low
ID_DDVYYQ,Low
ID_X8XU2P,Low
ID_CGNDJP,Low
ID_BI2MKN,Low
ID_3Q1D05,Low
ID_X6WB68,Low
ID_08RWQ1,Low
ID_TIKYNF,Low
ID_ESNE8Q,Low
ID_ZI5IKZ,Low
ID_KQCAUE,Low
ID_GONI9H,Low
ID_PD327K,Low
ID_7YT2M6,Low
ID_224YL5,Low
ID_X6XDA7,Low
ID_8VHMEW,Low
ID_RY58VR,Low
ID_BTLVVB,Low
ID_5V1CIH,Low
ID_TOS87M,Low
ID_GJPQOH,Low
ID_4MS4H2,Low
ID_EH8HYF,Low
ID_GSFWMS,Low
ID_MPGGD0,Low
ID_5CIKAN,Low
ID_0JEZ4U,Low
ID_MW04U9,Low
ID_W4BQP3,Low
ID_IIO3BD,Low
ID_E8C6TC,Low
ID_90ZCQL,Low
ID_D5SO2N,Low
ID_12LC9B,Low
ID_EVJLZF,Low
ID_PEQYDB,Low
ID_7V1QSA,Low
ID_8TFXSW,Low
ID_SSUZ1Q,Low
ID_CO59AV,Low
ID_7G4MJZ,Low
ID_H6K9G1,Low
ID_4EPXR9,Low
ID_UV73L5,Low
ID_E9QDI3,Low
ID_FTQ973,Low
ID_UQHAJ2,Low
ID_F3LRCX,Low
ID_4GMA4I,Low
ID_LL9RZR,Low
ID_VER0DR,Low
ID_YTJPTV,Low
ID_FTJ6AC,Low
ID_72FEB3,Low
ID_54MAPH,Low
ID_KJCO6M,Low
ID_1J55CU,Low
ID_Z8UUG9,Low
ID_IK1B5F,Low
ID_IJLMAE,Low
ID_LN9TLY,Low
ID_UHIF80,Low
ID_3OKO3V,Low
ID_XZ3ADH,Low
ID_IY2S53,Low
ID_FDXK31,Low
ID_TC0Z7Q,Low
ID_DQ8G2K,Low
ID_7VXUQD,Low
ID_I3LAQV,Low
ID_QXGYMY,Low
ID_CYYPQ7,Low
ID_I3AL6E,Low
ID_J56UTD,Low
ID_NQ323L,Low
ID_TD96QE,Low
ID_CL5EFJ,Low
ID_LSV2IF,Low
ID_EL8MWO,Low
ID_6BU9XR,Low
ID_VNHDCZ,Low
ID_XX3LNC,Low
ID_10VR2B,Low
ID_IQ7ZFV,Low
ID_KZGGM0,Low
ID_EHQ403,Low
ID_V6LOI5,Low
ID_ZSUZPO,Low
ID_H4TNPU,Low
ID_RL5QR4,Low
ID_SSZXQT,Low
ID_EJGNZF,Low
ID_HDPWVB,Low
ID_RB58YJ,Low
ID_PDTZ91,Low
ID_YELDAU,Low
ID_LUZK3V,Low
ID_OG996J,Low
ID_L9TQVD,Low
ID_ILBQNW,Low
ID_MOZKNH,Low
ID_TI2HUX,Low
ID_O7V1IZ,Low
ID_DWD5C7,Low
ID_0ZIA9A,Low
ID_9SB5MB,Low
ID_8KSZBF,Low
ID_0HTZY5,Low
ID_WB7TZP,Low
ID_5MCQGZ,Low
ID_FF2X5Y,Low
ID_GYNIOL,Low
ID_HSBMEK,Low
ID_JJ9GZK,Low
ID_JU68OS,Low
ID_6C6ZH6,Low
ID_SG7D32,Low
ID_QZXY4A,Low
ID_5JHR72,Low
ID_RI8BIX,Low
ID_XY16ZG,Low
ID_RLEXDW,Low
ID_XPESHA,Low
ID_VRYR26,Low
ID_7HTSB6,Low
ID_4JUFN2,Low
ID_SKI4AI,Low
ID_P6MKT7,Low
ID_N9UQ7R,Low
ID_GURT1R,Low
ID_FZZDVG,Low
ID_G2GZR7,Low
ID_XA859T,Low
ID_0CJBMU,Low
ID_MNA9TV,Low
ID_TN0PLC,Low
ID_XYPHWH,Low
ID_8804FI,Low
ID_SR7SH2,Low
ID_H55HEW,Low
ID_JPCMW0,Low
ID_20C1N0,Low
ID_LN3OX5,Low
ID_6US7RP,Low
ID_E40KZU,Low
ID_SOYG9Z,Low
ID_GCSOTD,Low
ID_UHBX6A,Low
ID_24FJ57,Low
ID_9NGQ6T,Low
ID_QUO2XQ,Low
ID_53IPP1,Low
ID_CCE4HA,Low
ID_3JFW79,Low
ID_94874F,Low
ID_4TKVV7,Low
ID_X598K2,Low
ID_TO0WZN,Low
ID_N34O6P,Low
ID_Y105XU,Low
ID_TVB9WB,Low
ID_YMZT0C,Low
ID_N6V3RZ,Low
ID_DM2HEP,Low
ID_6UJKAE,Low
ID_48B890,Low
ID_E5YAZH,Low
ID_TC7I85,Low
ID_0OTGPE,Low
ID_YV37DI,Low
ID_U6MQBI,Low
ID_I1GK2U,Low
ID_9Q44DV,Low
ID_I5ILHR,Low
ID_61Y2X6,Low
ID_ML5UGD,Low
ID_VTCODA,Low
ID_AVPM6D,Low
ID_47DVCF,Low
ID_YME6RP,Low
ID_4UGG6S,Low
ID_6K33UF,Low
ID_9SHQ8B,Low
ID_IO4X85,Low
ID_UT2UTC,Low
ID_OJVVF0,Low
ID_P89UKA,Low
ID_10PKTN,Low
ID_S62C1J,Low
ID_1GW7RY,Low
ID_XOATMZ,Low
ID_DV9NM3,Low
ID_YF9JKN,Low
ID_B5HSTS,Low
ID_UDKEZH,Low
ID_CJ0OSO,Low
ID_SM149M,Low
ID_IAXUFV,Low
ID_Y9MZE9,Low
ID_2I477P,Low
ID_2U8U23,Low
ID_K0VGL2,Low
ID_3DN1TJ,Low
ID_8G4BUE,Low
ID_KCOVRX,Low
ID_K7917X,Low
ID_ECHZSW,Low
ID_RFEGCX,Low
ID_KI4JKJ,Low
ID_BBMZJ2,Low
ID_4OF633,Low
ID_FBDN2G,Low
ID_7YTXWC,Low
ID_R4UT6F,Low
ID_P0NFDD,Low
ID_IOPRA5,Low
ID_8ZUFJW,Low
ID_2Q4M8N,Low
ID_8DY3PW,Low
ID_3RWK3O,Low
ID_IDFWA8,Low
ID_IG6UO3,Low
ID_5E51H3,Low
ID_CBHHLK,Low
ID_Y9YTJU,Low
ID_Q8ZGVW,Low
ID_L7W05Y,Low
ID_7ZFZTO,Low
ID_LFLOH5,Low
ID_SM4FSH,Low
ID_JOD5JG,Low
ID_62OEDR,Low
ID_K02LVU,Low
ID_NXRL47,Low
ID_42DWZU,Low
ID_I5GSE1,Low
ID_8X65Z3,Low
ID_Q36ZPM,Low
ID_43TUYK,Low
ID_5XMUFU,Low
ID_3ZKWDE,Low
ID_HETZXA,Low
ID_OO0AHW,Low
ID_TDYWM8,Low
ID_GYR58M,Low
ID_JPT2ZL,Low
ID_U3F0ME,Low
ID_WT805Q,Low
ID_YPQR0V,Low
ID_NY7CY2,Low
ID_YVII1V,Low
ID_U7C1A7,Low
ID_2H394L,Low
ID_ASIKZO,Low
ID_OFUOE7,Low
ID_F1HX6Z,Low
ID_80PZY0,Low
ID_79QZ2D,Low
ID_3OCWBF,Low
ID_OXWCRR,Low
ID_BYGHGK,Low
ID_DFDM71,Low
ID_FULZ2A,Low
ID_TNTKR3,Low
ID_TUWFV2,Low
ID_4SCAAJ,Low
ID_0L8LPH,Low
ID_ILH4EB,Low
ID_GZF2UM,Low
ID_F9HKJF,Low
ID_EVSTYG,Low
ID_BWQTVL,Low
ID_36I2Y0,Low
ID_U4L0BY,Low
ID_KL5EZ2,Low
ID_M4E622,Low
ID_NROA2N,Low
ID_F4X2JP,Low
ID_WVWORL,Low
ID_PAIIUC,Low
ID_5YB35O,Low
ID_E7PI8W,Low
ID_Y1FZK9,Low
ID_R6MSB2,Low
ID_PUWFQ9,Low
ID_LAJM3U,Low
ID_JMWUOC,Low
ID_4KFOCN,Low
ID_D44NDV,Low
ID_XOX3MS,Low
ID_PA18QT,Low
ID_TEBTLD,Low
ID_KHL1CR,Low
ID_YDNRB3,Low
ID_5A36E1,Low
ID_SU2MSG,Low
ID_3KOMPO,Low
ID_FBMENU,Low
ID_1HW3GM,Low
ID_P96XJL,Low
ID_JIC51M,Low
ID_PADRKU,Low
ID_WG5742,Low
ID_9VA98B,Low
ID_SZ2KUU,Low
ID_UZ8DU9,Low
ID_ICFARY,Low
ID_8F8C8C,Low
ID_LVZFAA,Low
ID_RBCSC8,Low
ID_ECV84X,Low
ID_CKONRH,Low
ID_4WAKEF,Low
ID_ON8UUJ,Low
ID_AG2F14,Low
ID_9SJEIC,Low
ID_TEVTX3,Low
ID_78U42I,Low
ID_PJY1ZB,Low
ID_FNIROH,Low
ID_ZF2JXJ,Low
ID_3WZ3VU,Low
ID_0SU863,Low
ID_1R11Q7,Low
ID_CDW57I,Low
ID_H2U8V7,Low
ID_E9DUV1,Low
ID_2EVEIL,Low
ID_CW8HYV,Low
ID_U6SJJF,Low
ID_NKSW5B,Low
ID_FWBEBY,Low
ID_6G8V3G,Low
ID_YH5HOA,Low
ID_HJGZX8,Low
ID_TZZRBY,Low
ID_H5GR8D,Low
ID_RODT2D,Low
ID_3YRXK6,Low
ID_350SGN,Low
ID_L0V8HS,Low
ID_B7QPIZ,Low
ID_TE1EL8,Low
ID_93S8DY,Low
ID_D9GX2H,Low
ID_T3C1WQ,Low
ID_O8PM4Y,Low
ID_EI9ULT,Low
ID_G7BB4D,Low
ID_BW4QL7,Low
ID_0RCTI8,Low
ID_M7PFEE,Low
ID_E11E9F,Low
ID_PHJUF4,Low
ID_QGM5V2,Low
ID_2158U5,Low
ID_OZT4LH,Low
ID_FPQEQQ,Low
ID_XBGK2W,Low
ID_HMGOLO,Low
ID_856U0R,Low
ID_X7HLRI,Low
ID_BMWMNO,Low
ID_8BTQ78,Low
ID_Y8NYFW,Low
ID_JXMIKW,Low
ID_RHOCN9,Low
ID_M75PSZ,Low
ID_MTS1EG,Low
ID_EY6QMJ,Low
ID_BBSU04,Low
ID_M91KQZ,Low
ID_84Y9YV,Low
ID_SLHGMR,Low
ID_LMGS9V,Low
ID_CLIC6B,Low
ID_BXPFYJ,Low
ID_GGU5RP,Low
ID_BZUO7M,Low
ID_A0D7DU,Low
ID_BGPOQ5,Low
ID_N5A8XA,Low
ID_KFH00A,Low
ID_BVXKET,Low
ID_LI77JZ,Low
ID_FBDPWC,Low
ID_MY93PO,Low
ID_WSHMLF,Low
ID_NV5XU6,Low
ID_K74F5Z,Low
ID_6T4UFE,Low
ID_PEQ1ZJ,Low
ID_N4SCZL,Low
ID_5GDRLE,Low
ID_1361BG,Low
ID_Q18OVE,Low
ID_5BWNE4,Low
ID_QJT510,Low
ID_JVYLMA,Low
ID_KTSG7F,Low
ID_VON8PV,Low
ID_J30AMX,Low
ID_KG84YN,Low
ID_6KTUZH,Low
ID_HN8VJF,Low
ID_W0BDFF,Low
ID_ZSS8V5,Low
ID_CLYID8,Low
ID_DOF83G,Low
ID_JOD8VU,Low
ID_GQJT4N,Low
ID_2G0RF1,Low
ID_32RV23,Low
ID_K73U1P,Low
ID_O504FX,Low
ID_F6HYD6,Low
ID_AD3M6J,Low
ID_9ZA3MI,Low
ID_I8ARE1,Low
ID_V1LK4A,Low
ID_0LJC6W,Low
ID_V45D3D,Low
ID_TMFWG8,Low
ID_MQ5S45,Low
ID_G3FYE4,Low
ID_LW6JL2,Low
ID_UPK9IP,Low
ID_Q77AG3,Low
ID_OQO0J4,Low
ID_QR8O1K,Low
ID_OGXVX9,Low
ID_NIAI4T,Low
ID_0UE99O,Low
ID_NO5WTT,Low
ID_VZN2HL,Low
ID_TP9RRD,Low
ID_JZTO7D,Low
ID_E7T0TS,Low
ID_5HHVYH,Low
ID_8456M8,Low
ID_OBJLZY,Low
ID_S1CO1R,Low
ID_B8JQTB,Low
ID_MJJQGF,Low
ID_5LX9BE,Low
ID_FQ84GD,Low
ID_GQIO1M,Low
ID_2SDS8B,Low
ID_NI4ZF5,Low
ID_1M3TFQ,Low
ID_HYB7TH,Low
ID_T1N5JQ,Low
ID_UUETN1,Low
ID_4W713Q,Low
ID_Q52WSP,Low
ID_IH0FUO,Low
ID_VRECJT,Low
ID_IBCLTR,Low
ID_2V0MW4,Low
ID_EI975Y,Low
ID_TIRC9Z,Low
ID_6FXNOQ,Low
ID_M4GSD5,Low
ID_EC68RK,Low
ID_97Y8XL,Low
ID_TD3ABE,Low
ID_WJAZQ4,Low
ID_YJOAOE,Low
ID_PN7Y85,Low
ID_WLIUVJ,Low
ID_F75935,Low
ID_NE6YIW,Low
ID_OT7U4Y,Low
ID_73IEKZ,Low
ID_3V10M1,Low
ID_NZ7DSO,Low
ID_6RSOFR,Low
ID_7F10TB,Low
ID_Y4XMAL,Low
ID_SKP6RF,Low
ID_9UK693,Low
ID_KRD5EQ,Low
ID_PRHVLZ,Low
ID_6DDZV7,Low
ID_5ZJAUC,Low
ID_FWJ8DA,Low
ID_90I2HQ,Low
ID_TLCQFM,Low
ID_1HBGYB,Low
ID_RN5YUN,Low
ID_JA2M0W,Low
ID_XPCZ07,Low
ID_NP84DY,Low
ID_5U50FH,Low
ID_Y0RSG5,Low
ID_RB5TNG,Low
ID_D7X5GY,Low
ID_OW8DT8,Low
ID_53R4SI,Low
ID_JPQPQ2,Low
ID_W8F6N3,Low
ID_PFG8PJ,Low
ID_WRRVAX,Low
ID_SS7NW0,Low
ID_LGQTCD,Low
ID_Y5BFYG,Low
ID_9V08LI,Low
ID_IKRO8U,Low
ID_5RQ8K9,Low
ID_N5ROUE,Low
ID_4PN9A7,Low
ID_NHN6OF,Low
ID_TOOWT9,Low
ID_N9HFEO,Low
ID_DF9M13,Low
ID_4QTP87,Low
ID_SW2292,Low
ID_XQFJO2,Low
ID_G29FLV,Low
ID_0R3I9H,Low
ID_F8S2ZG,Low
ID_ZJHP4O,Low
ID_UESBFC,Low
ID_LJK85J,Low
ID_Q4N181,Low
ID_APDZ6W,Low
ID_6L4M1T,Low
ID_8QHS9C,Low
ID_QDAKG8,Low
ID_KQ9MGM,Low
ID_GISE6J,Low
ID_7SVCLL,Low
ID_KHE15I,Low
ID_PLB01J,Low
ID_NW6GSD,Low
ID_U833Z5,Low
ID_GCPWW4,Low
ID_TT7F1U,Low
ID_IYKU9I,Low
ID_4HY3FI,Low
ID_D3IIA3,Low
ID_G0GTPF,Low
ID_CXB9VR,Low
ID_EHPZRV,Low
ID_F6VZCR,Low
ID_9V3ZSO,Low
ID_CH1WY6,Low
ID_FLUOAY,Low
ID_VBJRBZ,Low
ID_80ICSH,Low
ID_5Y96BK,Low
ID_3QA8NH,Low
ID_SXDLK8,Low
ID_0QTL3Q,Low
ID_XBAF4G,Low
ID_7T3K9O,Low
ID_QPVBXS,Low
ID_AF3QHY,Low
ID_JEGOHM,Low
ID_RMNZSY,Low
ID_B4UNEI,Low
ID_W43KIJ,Low
ID_JALVRT,Low
ID_HZ3UGB,Low
ID_4TBS9I,Low
ID_NH1CBH,Low
ID_QCSPD7,Low
ID_DOFFWS,Low
ID_5R0PNF,Low
ID_BJMTY0,Low
ID_QRFKXZ,Low
ID_Q0H4S4,Low
ID_O0N2NO,Low
ID_22DKNO,Low
ID_94WOZR,Low
ID_380CBQ,Low
ID_6KDD49,Low
ID_5UHNA2,Low
ID_CRZXC4,Low
ID_LQV62J,Low
ID_GW10C9,Low
ID_Y93BZV,Low
ID_8U6B15,Low
ID_83UDQB,Low
ID_2QMK3U,Low
ID_CGJK91,Low
ID_CVYEVB,Low
ID_5JJ002,Low
ID_3BQHOK,Low
ID_G8CD31,Low
ID_ZYV9BI,Low
ID_PGGMIN,Low
ID_MC9QH1,Low
ID_TITXR2,Low
ID_ZAC2EX,Low
ID_HHW9IN,Low
ID_STP8NK,Low
ID_LE6KWH,Low
ID_8VAQVB,Low
ID_ACWAQA,Low
ID_8UX018,Low
ID_1MWMSO,Low
ID_GJNGVS,Low
ID_03Y3PA,Low
ID_W5GSM7,Low
ID_41EVL4,Low
ID_590J1M,Low
ID_07H0UM,Low
ID_LX2CRL,Low
ID_2P4LEW,Low
ID_OZCTWJ,Low
ID_7FXV7A,Low
ID_YU2RNA,Low
ID_50T0GD,Low
ID_CXSUO8,Low
ID_VDL1CE,Low
ID_YN1KJS,Low
ID_X1CCEF,Low
ID_9JFO2A,Low
ID_WE7R4H,Low
ID_OJZCDU,Low
ID_PRSH73,Low
ID_HBUDU7,Low
ID_G13IWP,Low
ID_D6ARW4,Low
ID_YWLKLQ,Low
ID_4PO1I3,Low
ID_RY92HJ,Low
ID_SR5ET3,Low
ID_EXTS6Y,Low
ID_WUIH2J,Low
ID_LDXFIB,Low
ID_MZ2CAO,Low
ID_5SWSFL,Low
ID_FZIWJO,Low
ID_05WDNL,Low
ID_L4AO4W,Low
ID_5SEBBM,Low
ID_DO8YU9,Low
ID_NPHN1O,Low
ID_UIGM2T,Low
ID_QK3TGZ,Low
ID_4PEVH4,Low
ID_7DNHU0,Low
ID_UK4SHA,Low
ID_OCQJR6,Low
ID_MFH5E8,Low
ID_EMZYG8,Low
ID_W6B9W5,Low
ID_FX7XJZ,Low
ID_XAL1LX,Low
ID_UHBP0F,Low
ID_GKIKR2,Low
ID_O7P4HI,Low
