filename,final_prediction
file_03.csv,1
file_28.csv,2
file_06.csv,3
file_26.csv,4
file_37.csv,5
file_40.csv,6
file_38.csv,7
file_34.csv,8
file_46.csv,9
file_17.csv,10
file_48.csv,11
file_10.csv,12
file_11.csv,13
file_27.csv,14
file_25.csv,15
file_42.csv,16
file_35.csv,17
file_45.csv,18
file_21.csv,19
file_29.csv,20
file_09.csv,21
file_41.csv,22
file_16.csv,23
file_31.csv,24
file_15.csv,25
file_22.csv,26
file_13.csv,27
file_44.csv,28
file_30.csv,29
file_39.csv,30
file_05.csv,31
file_47.csv,32
file_01.csv,33
file_43.csv,34
file_12.csv,35
file_32.csv,36
file_07.csv,37
file_53.csv,38
file_19.csv,39
file_36.csv,40
file_33.csv,41
file_02.csv,42
file_52.csv,43
file_23.csv,44
file_18.csv,45
file_14.csv,46
file_20.csv,47
file_50.csv,48
file_04.csv,49
file_49.csv,50
file_08.csv,51
file_24.csv,52
file_51.csv,53
